Workbook

Sheet Setup
A1: About this File
A3: This workbook will summarize and analyze data downloaded from the Retirement Administrator dashboard in Ellucian's Employee Self Service. 1) Update green cells on this tab with correct data. 2) Paste in cell O1 of the data tab the records from the Retire Administrator dasbboard download (Age 50+) 3) Refresh the Pivot table on the Pivot tab 4) IMPORTANT! Make sure formulas (blue cells) copy down to the last record on both the Data (columns A:N) and Pivot (A:B) tabs Conditional formatting will highlight cells red (Data M:N or Pivot A:B) if an employee med the FICA threshold and has exceeded the standard contribution limit in pretax deductions. NOTE: As of April 2026 the retirement dashboard only contains contributions finalized in Payroll. Due to this limitation, you may need to find a way to extract current payroll contributions and add them on the same data worksheet, under the data from the retirement dashboard, keeping data in the correct columns. Original workbook created by Steven Clark at Utah State University. - License and Copyright: https://github.com/KL4RKS/banner-scripts/blob/main/LICENSE - Addional Secure 2.0 files and instructions can be found in the following GitHub folder: https://github.com/KL4RKS/banner-scripts/tree/main/hr/secure2
A4: Spreadsheet modified to meet the needs of [INSTITUTION] by [ExcelGuruNameHere]
A6: Current Year Variables
A8: 24500 | D8: <-- Standard Contribution Limit
A9: 150000 | D9: <-- Prior Year FICA Threshhold
A10: 50 | D10: <-- Age catch-ups begin at age
A12: Deduction Groups
A14: Main Traditional | D14: Main Roth | G14: 457 Traditional | J14: 457 Roth
A15: Code | B15: Description | D15: Code | E15: Description | G15: Code | H15: Description | J15: Code | K15: Description
A16: 651 | B16: Employee Federal TSP % | D16: 565 | E16: Employee Roth TIAA 403 $ | G16: 652 | H16: Employee URS 457 % | J16: 571 | K16: Employee Roth TIAA 457 $
A17: 656 | B17: Employee Fidelity 403B % | D17: 665 | E17: Employee Roth TIAA 403 % | G17: 654 | H17: Employee TIAA 457 % | J17: 572 | K17: Employee Roth Fidelity 457 $
A18: 657 | B18: Employee TIAA 403B % | D18: 666 | E18: Employee Roth Fidelity 403 % | G18: 569 | H18: Employee Fidelity 457 $ | J18: 574 | K18: Employee Roth URS 457 $
A19: 507 | B19: Employer URS 401K T1 | D19: 570 | E19: Employee Roth Fed TSP | G19: 669 | H19: Employee Fidelity 457 % | J19: 671 | K19: Employee Roth TIAA 457 %
A20: 551 | B20: Employee Federal TSP $ | D20: 573 | E20: Employee Roth URS 401 $ | G20: 552 | H20: Employee URS 457 $ | J20: 672 | K20: Employee Roth Fidelity 457 %
A21: 553 | B21: Employee URS 401K $ | D21: 673 | E21: Employee Roth URS 401 % | G21: 554 | H21: Employee TIAA 457 $ | J21: 674 | K21: Employee Roth URS 457 %
A22: 556 | B22: Employee Fidelity 403B $ | D22: 566 | E22: Employee Roth Fidelity 403 $
A23: 541 | B23: Empr Pub Safety Tier2 DC 401K
A24: 653 | B24: Employee URS 401K %
A25: 557 | B25: Employee TIAA 403B $
A26: 531 | B26: Empr URS T2 DC 401k
A27: 536 | B27: Empr Pub Safety Tier 2DB 401K
A28: 518 | B28: Employer Fed TSP
A29: 504 | B29: Employer URS 401K T2

Sheet Data
A1: ID | B1: Name | C1: Age | D1: High Earner | E1: Main Pretax | F1: Main Roth | G1: 457 Pretax | H1: 457 Roth | I1: Sum Main Pretax | J1: Sum Main Roth | K1: Sum 457 Pretax | L1: Sum 457 Roth | M1: Excess Main Pretax | N1: Excess 457 Pretax | O1: Banner Id | P1: Name | Q1: Age | R1: Benefit Code | S1: Benefit Description | T1: Combined Limit Description | U1: Employee Amount YTD | V1: Employer Amount YTD | W1: Applicable Gross Amount YTD | X1: Current Year FICA Gross | Y1: Prior Year FICA Gross
A2: =IF(O2="",A1,O2) -> A00000001 | B2: =IF(P2="",B1,P2) -> Aaron J. Whitfield | C2: =IF(Q2="",C1,Q2) -> 59 | D2: =IF(AND(Y2>=Setup!$A$9,C2>=Setup!$A$10),"Y","N") -> N | E2: =IF(COUNTIF(Setup!A:A, R2) > 0, U2, 0) -> 0 | F2: =IF(COUNTIF(Setup!D:D, R2) > 0, U2, 0) -> 0 | G2: =IF(COUNTIF(Setup!G:G, R2) > 0, U2, 0) -> 0 | H2: =IF(COUNTIF(Setup!J:J, R2) > 0, U2, 0) -> 0 | I2: =SUMIFS(E:E,$A:$A,$O2) -> 1036.8 | J2: =SUMIFS(F:F,$A:$A,$O2) -> 0 | K2: =SUMIFS(G:G,$A:$A,$O2) -> 0 | L2: =SUMIFS(H:H,$A:$A,$O2) -> 0 | M2: =IF(D2="Y",MAX(0,I2-Setup!$A$8),0) -> 0 | N2: =IF(D2="Y",MAX(0,K2-Setup!$A$8),0) -> 0 | O2: A00000001 | P2: Aaron J. Whitfield | Q2: 59 | R2: 503 | S2: Tier 2 Utah Retirement Systems Employee Contribution | U2: 279.9 | V2: 0 | W2: 34559.28 | X2: 33634.44 | Y2: 46174.8
A3: =IF(O3="",A2,O3) -> A00000001 | B3: =IF(P3="",B2,P3) -> Aaron J. Whitfield | C3: =IF(Q3="",C2,Q3) -> 59 | D3: =IF(AND(Y3>=Setup!$A$9,C3>=Setup!$A$10),"Y","N") -> N | E3: =IF(COUNTIF(Setup!A:A, R3) > 0, U3, 0) -> 0 | F3: =IF(COUNTIF(Setup!D:D, R3) > 0, U3, 0) -> 0 | G3: =IF(COUNTIF(Setup!G:G, R3) > 0, U3, 0) -> 0 | H3: =IF(COUNTIF(Setup!J:J, R3) > 0, U3, 0) -> 0 | I3: =SUMIFS(E:E,$A:$A,$O3) -> 0 | J3: =SUMIFS(F:F,$A:$A,$O3) -> 0 | K3: =SUMIFS(G:G,$A:$A,$O3) -> 0 | L3: =SUMIFS(H:H,$A:$A,$O3) -> 0 | M3: =IF(D3="Y",MAX(0,I3-Setup!$A$8),0) -> 0 | N3: =IF(D3="Y",MAX(0,K3-Setup!$A$8),0) -> 0 | R3: 505 | S3: Tier 2 Utah Retirement Systems Employer Contribution | U3: 0 | V3: 1153.14 | W3: 34559.28 | X3: 33634.44 | Y3: 46174.8
A4: =IF(O4="",A3,O4) -> A00000001 | B4: =IF(P4="",B3,P4) -> Aaron J. Whitfield | C4: =IF(Q4="",C3,Q4) -> 59 | D4: =IF(AND(Y4>=Setup!$A$9,C4>=Setup!$A$10),"Y","N") -> N | E4: =IF(COUNTIF(Setup!A:A, R4) > 0, U4, 0) -> 0 | F4: =IF(COUNTIF(Setup!D:D, R4) > 0, U4, 0) -> 0 | G4: =IF(COUNTIF(Setup!G:G, R4) > 0, U4, 0) -> 0 | H4: =IF(COUNTIF(Setup!J:J, R4) > 0, U4, 0) -> 0 | I4: =SUMIFS(E:E,$A:$A,$O4) -> 0 | J4: =SUMIFS(F:F,$A:$A,$O4) -> 0 | K4: =SUMIFS(G:G,$A:$A,$O4) -> 0 | L4: =SUMIFS(H:H,$A:$A,$O4) -> 0 | M4: =IF(D4="Y",MAX(0,I4-Setup!$A$8),0) -> 0 | N4: =IF(D4="Y",MAX(0,K4-Setup!$A$8),0) -> 0 | R4: 504 | S4: Tier 2 Utah Retirement Systems 401(k) Employer Contribution | U4: 0 | V4: 0 | W4: 34559.28 | X4: 33634.44 | Y4: 46174.8
A5: =IF(O5="",A4,O5) -> A00000001 | B5: =IF(P5="",B4,P5) -> Aaron J. Whitfield | C5: =IF(Q5="",C4,Q5) -> 59 | D5: =IF(AND(Y5>=Setup!$A$9,C5>=Setup!$A$10),"Y","N") -> N | E5: =IF(COUNTIF(Setup!A:A, R5) > 0, U5, 0) -> 345.6 | F5: =IF(COUNTIF(Setup!D:D, R5) > 0, U5, 0) -> 0 | G5: =IF(COUNTIF(Setup!G:G, R5) > 0, U5, 0) -> 0 | H5: =IF(COUNTIF(Setup!J:J, R5) > 0, U5, 0) -> 0 | I5: =SUMIFS(E:E,$A:$A,$O5) -> 0 | J5: =SUMIFS(F:F,$A:$A,$O5) -> 0 | K5: =SUMIFS(G:G,$A:$A,$O5) -> 0 | L5: =SUMIFS(H:H,$A:$A,$O5) -> 0 | M5: =IF(D5="Y",MAX(0,I5-Setup!$A$8),0) -> 0 | N5: =IF(D5="Y",MAX(0,K5-Setup!$A$8),0) -> 0 | R5: 657 | S5: TIAA Retirement 403(b) Employee Contribution | T5: RT_C50, Catch-up over 50 | U5: 345.6 | V5: 0 | W5: 34559.28 | X5: 33634.44 | Y5: 46174.8
A6: =IF(O6="",A5,O6) -> A00000001 | B6: =IF(P6="",B5,P6) -> Aaron J. Whitfield | C6: =IF(Q6="",C5,Q6) -> 59 | D6: =IF(AND(Y6>=Setup!$A$9,C6>=Setup!$A$10),"Y","N") -> N | E6: =IF(COUNTIF(Setup!A:A, R6) > 0, U6, 0) -> 691.2 | F6: =IF(COUNTIF(Setup!D:D, R6) > 0, U6, 0) -> 0 | G6: =IF(COUNTIF(Setup!G:G, R6) > 0, U6, 0) -> 0 | H6: =IF(COUNTIF(Setup!J:J, R6) > 0, U6, 0) -> 0 | I6: =SUMIFS(E:E,$A:$A,$O6) -> 0 | J6: =SUMIFS(F:F,$A:$A,$O6) -> 0 | K6: =SUMIFS(G:G,$A:$A,$O6) -> 0 | L6: =SUMIFS(H:H,$A:$A,$O6) -> 0 | M6: =IF(D6="Y",MAX(0,I6-Setup!$A$8),0) -> 0 | N6: =IF(D6="Y",MAX(0,K6-Setup!$A$8),0) -> 0 | R6: 653 | S6: Utah Retirement Systems 401(k) Employee Contribution | T6: RT_C50, Catch-up over 50 | U6: 691.2 | V6: 0 | W6: 34559.28 | X6: 33634.44 | Y6: 46174.8
A7: =IF(O7="",A6,O7) -> A00000002 | B7: =IF(P7="",B6,P7) -> Benjamin A. Foster | C7: =IF(Q7="",C6,Q7) -> 59 | D7: =IF(AND(Y7>=Setup!$A$9,C7>=Setup!$A$10),"Y","N") -> N | E7: =IF(COUNTIF(Setup!A:A, R7) > 0, U7, 0) -> 0 | F7: =IF(COUNTIF(Setup!D:D, R7) > 0, U7, 0) -> 0 | G7: =IF(COUNTIF(Setup!G:G, R7) > 0, U7, 0) -> 0 | H7: =IF(COUNTIF(Setup!J:J, R7) > 0, U7, 0) -> 0 | I7: =SUMIFS(E:E,$A:$A,$O7) -> 489.6 | J7: =SUMIFS(F:F,$A:$A,$O7) -> 0 | K7: =SUMIFS(G:G,$A:$A,$O7) -> 0 | L7: =SUMIFS(H:H,$A:$A,$O7) -> 0 | M7: =IF(D7="Y",MAX(0,I7-Setup!$A$8),0) -> 0 | N7: =IF(D7="Y",MAX(0,K7-Setup!$A$8),0) -> 0 | O7: A00000002 | P7: Benjamin A. Foster | Q7: 59 | R7: 504 | S7: Tier 2 Utah Retirement Systems 401(k) Employer Contribution | U7: 0 | V7: 0 | W7: 48958.56 | X7: 46451.52 | Y7: 63863.63
A8: =IF(O8="",A7,O8) -> A00000002 | B8: =IF(P8="",B7,P8) -> Benjamin A. Foster | C8: =IF(Q8="",C7,Q8) -> 59 | D8: =IF(AND(Y8>=Setup!$A$9,C8>=Setup!$A$10),"Y","N") -> N | E8: =IF(COUNTIF(Setup!A:A, R8) > 0, U8, 0) -> 0 | F8: =IF(COUNTIF(Setup!D:D, R8) > 0, U8, 0) -> 0 | G8: =IF(COUNTIF(Setup!G:G, R8) > 0, U8, 0) -> 0 | H8: =IF(COUNTIF(Setup!J:J, R8) > 0, U8, 0) -> 0 | I8: =SUMIFS(E:E,$A:$A,$O8) -> 0 | J8: =SUMIFS(F:F,$A:$A,$O8) -> 0 | K8: =SUMIFS(G:G,$A:$A,$O8) -> 0 | L8: =SUMIFS(H:H,$A:$A,$O8) -> 0 | M8: =IF(D8="Y",MAX(0,I8-Setup!$A$8),0) -> 0 | N8: =IF(D8="Y",MAX(0,K8-Setup!$A$8),0) -> 0 | R8: 503 | S8: Tier 2 Utah Retirement Systems Employee Contribution | U8: 396.54 | V8: 0 | W8: 48958.56 | X8: 46451.52 | Y8: 63863.63
A9: =IF(O9="",A8,O9) -> A00000002 | B9: =IF(P9="",B8,P9) -> Benjamin A. Foster | C9: =IF(Q9="",C8,Q9) -> 59 | D9: =IF(AND(Y9>=Setup!$A$9,C9>=Setup!$A$10),"Y","N") -> N | E9: =IF(COUNTIF(Setup!A:A, R9) > 0, U9, 0) -> 0 | F9: =IF(COUNTIF(Setup!D:D, R9) > 0, U9, 0) -> 0 | G9: =IF(COUNTIF(Setup!G:G, R9) > 0, U9, 0) -> 0 | H9: =IF(COUNTIF(Setup!J:J, R9) > 0, U9, 0) -> 0 | I9: =SUMIFS(E:E,$A:$A,$O9) -> 0 | J9: =SUMIFS(F:F,$A:$A,$O9) -> 0 | K9: =SUMIFS(G:G,$A:$A,$O9) -> 0 | L9: =SUMIFS(H:H,$A:$A,$O9) -> 0 | M9: =IF(D9="Y",MAX(0,I9-Setup!$A$8),0) -> 0 | N9: =IF(D9="Y",MAX(0,K9-Setup!$A$8),0) -> 0 | R9: 505 | S9: Tier 2 Utah Retirement Systems Employer Contribution | U9: 0 | V9: 1633.59 | W9: 48958.56 | X9: 46451.52 | Y9: 63863.63
A10: =IF(O10="",A9,O10) -> A00000002 | B10: =IF(P10="",B9,P10) -> Benjamin A. Foster | C10: =IF(Q10="",C9,Q10) -> 59 | D10: =IF(AND(Y10>=Setup!$A$9,C10>=Setup!$A$10),"Y","N") -> N | E10: =IF(COUNTIF(Setup!A:A, R10) > 0, U10, 0) -> 489.6 | F10: =IF(COUNTIF(Setup!D:D, R10) > 0, U10, 0) -> 0 | G10: =IF(COUNTIF(Setup!G:G, R10) > 0, U10, 0) -> 0 | H10: =IF(COUNTIF(Setup!J:J, R10) > 0, U10, 0) -> 0 | I10: =SUMIFS(E:E,$A:$A,$O10) -> 0 | J10: =SUMIFS(F:F,$A:$A,$O10) -> 0 | K10: =SUMIFS(G:G,$A:$A,$O10) -> 0 | L10: =SUMIFS(H:H,$A:$A,$O10) -> 0 | M10: =IF(D10="Y",MAX(0,I10-Setup!$A$8),0) -> 0 | N10: =IF(D10="Y",MAX(0,K10-Setup!$A$8),0) -> 0 | R10: 657 | S10: TIAA Retirement 403(b) Employee Contribution | T10: RT_C50, Catch-up over 50 | U10: 489.6 | V10: 0 | W10: 48958.56 | X10: 46451.52 | Y10: 63863.63
A11: =IF(O11="",A10,O11) -> A00000003 | B11: =IF(P11="",B10,P11) -> Claire Elizabeth Monroe | C11: =IF(Q11="",C10,Q11) -> 57 | D11: =IF(AND(Y11>=Setup!$A$9,C11>=Setup!$A$10),"Y","N") -> Y | E11: =IF(COUNTIF(Setup!A:A, R11) > 0, U11, 0) -> 0 | F11: =IF(COUNTIF(Setup!D:D, R11) > 0, U11, 0) -> 0 | G11: =IF(COUNTIF(Setup!G:G, R11) > 0, U11, 0) -> 0 | H11: =IF(COUNTIF(Setup!J:J, R11) > 0, U11, 0) -> 0 | I11: =SUMIFS(E:E,$A:$A,$O11) -> 0 | J11: =SUMIFS(F:F,$A:$A,$O11) -> 28733.24 | K11: =SUMIFS(G:G,$A:$A,$O11) -> 26300 | L11: =SUMIFS(H:H,$A:$A,$O11) -> 4373.84 | M11: =IF(D11="Y",MAX(0,I11-Setup!$A$8),0) -> 0 | N11: =IF(D11="Y",MAX(0,K11-Setup!$A$8),0) -> 1800 | O11: A00000003 | P11: Claire Elizabeth Monroe | Q11: 57 | R11: 521 | S11: TIAA Retirement Employer Contribution | T11: RT_EE_AF, ER Contr EE Hire After 1/31/21 | U11: 0 | V11: 5250.66 | W11: 221858.28 | X11: 214802.88 | Y11: 176100
A12: =IF(O12="",A11,O12) -> A00000003 | B12: =IF(P12="",B11,P12) -> Claire Elizabeth Monroe | C12: =IF(Q12="",C11,Q12) -> 57 | D12: =IF(AND(Y12>=Setup!$A$9,C12>=Setup!$A$10),"Y","N") -> Y | E12: =IF(COUNTIF(Setup!A:A, R12) > 0, U12, 0) -> 0 | F12: =IF(COUNTIF(Setup!D:D, R12) > 0, U12, 0) -> 0 | G12: =IF(COUNTIF(Setup!G:G, R12) > 0, U12, 0) -> 0 | H12: =IF(COUNTIF(Setup!J:J, R12) > 0, U12, 0) -> 4173.84 | I12: =SUMIFS(E:E,$A:$A,$O12) -> 0 | J12: =SUMIFS(F:F,$A:$A,$O12) -> 0 | K12: =SUMIFS(G:G,$A:$A,$O12) -> 0 | L12: =SUMIFS(H:H,$A:$A,$O12) -> 0 | M12: =IF(D12="Y",MAX(0,I12-Setup!$A$8),0) -> 0 | N12: =IF(D12="Y",MAX(0,K12-Setup!$A$8),0) -> 0 | R12: 571 | S12: TIAA Retirement Roth 457(b) Employee Contribution | T12: RT_C50, Catch-up over 50 | U12: 4173.84 | V12: 0 | W12: 148505.52 | X12: 214802.88 | Y12: 176100
A13: =IF(O13="",A12,O13) -> A00000003 | B13: =IF(P13="",B12,P13) -> Claire Elizabeth Monroe | C13: =IF(Q13="",C12,Q13) -> 57 | D13: =IF(AND(Y13>=Setup!$A$9,C13>=Setup!$A$10),"Y","N") -> Y | E13: =IF(COUNTIF(Setup!A:A, R13) > 0, U13, 0) -> 0 | F13: =IF(COUNTIF(Setup!D:D, R13) > 0, U13, 0) -> 0 | G13: =IF(COUNTIF(Setup!G:G, R13) > 0, U13, 0) -> 24500 | H13: =IF(COUNTIF(Setup!J:J, R13) > 0, U13, 0) -> 0 | I13: =SUMIFS(E:E,$A:$A,$O13) -> 0 | J13: =SUMIFS(F:F,$A:$A,$O13) -> 0 | K13: =SUMIFS(G:G,$A:$A,$O13) -> 0 | L13: =SUMIFS(H:H,$A:$A,$O13) -> 0 | M13: =IF(D13="Y",MAX(0,I13-Setup!$A$8),0) -> 0 | N13: =IF(D13="Y",MAX(0,K13-Setup!$A$8),0) -> 0 | R13: 554 | S13: TIAA Retirement 457(b) Employee Contribution | T13: RT_C50, Catch-up over 50 | U13: 24500 | V13: 0 | W13: 256889.04 | X13: 214802.88 | Y13: 176100
A14: =IF(O14="",A13,O14) -> A00000003 | B14: =IF(P14="",B13,P14) -> Claire Elizabeth Monroe | C14: =IF(Q14="",C13,Q14) -> 57 | D14: =IF(AND(Y14>=Setup!$A$9,C14>=Setup!$A$10),"Y","N") -> Y | E14: =IF(COUNTIF(Setup!A:A, R14) > 0, U14, 0) -> 0 | F14: =IF(COUNTIF(Setup!D:D, R14) > 0, U14, 0) -> 26733.24 | G14: =IF(COUNTIF(Setup!G:G, R14) > 0, U14, 0) -> 0 | H14: =IF(COUNTIF(Setup!J:J, R14) > 0, U14, 0) -> 0 | I14: =SUMIFS(E:E,$A:$A,$O14) -> 0 | J14: =SUMIFS(F:F,$A:$A,$O14) -> 0 | K14: =SUMIFS(G:G,$A:$A,$O14) -> 0 | L14: =SUMIFS(H:H,$A:$A,$O14) -> 0 | M14: =IF(D14="Y",MAX(0,I14-Setup!$A$8),0) -> 0 | N14: =IF(D14="Y",MAX(0,K14-Setup!$A$8),0) -> 0 | R14: 565 | S14: TIAA Retirement Roth 403(b) Employee Contribution | T14: RT_C50, Catch-up over 50 | U14: 26733.24 | V14: 0 | W14: 256889.04 | X14: 214802.88 | Y14: 176100
A15: =IF(O15="",A14,O15) -> A00000004 | B15: =IF(P15="",B14,P15) -> Daniel R. Holloway | C15: =IF(Q15="",C14,Q15) -> 53 | D15: =IF(AND(Y15>=Setup!$A$9,C15>=Setup!$A$10),"Y","N") -> N | E15: =IF(COUNTIF(Setup!A:A, R15) > 0, U15, 0) -> 0 | F15: =IF(COUNTIF(Setup!D:D, R15) > 0, U15, 0) -> 0 | G15: =IF(COUNTIF(Setup!G:G, R15) > 0, U15, 0) -> 0 | H15: =IF(COUNTIF(Setup!J:J, R15) > 0, U15, 0) -> 0 | I15: =SUMIFS(E:E,$A:$A,$O15) -> 2295.76 | J15: =SUMIFS(F:F,$A:$A,$O15) -> 750 | K15: =SUMIFS(G:G,$A:$A,$O15) -> 0 | L15: =SUMIFS(H:H,$A:$A,$O15) -> 0 | M15: =IF(D15="Y",MAX(0,I15-Setup!$A$8),0) -> 0 | N15: =IF(D15="Y",MAX(0,K15-Setup!$A$8),0) -> 0 | O15: A00000004 | P15: Daniel R. Holloway | Q15: 53 | R15: 521 | S15: TIAA Retirement Employer Contribution | T15: RT_EE_AF, ER Contr EE Hire After 1/31/21 | U15: 0 | V15: 299.1 | W15: 63190.44 | X15: 57253.32 | Y15: 82002.66
A16: =IF(O16="",A15,O16) -> A00000004 | B16: =IF(P16="",B15,P16) -> Daniel R. Holloway | C16: =IF(Q16="",C15,Q16) -> 53 | D16: =IF(AND(Y16>=Setup!$A$9,C16>=Setup!$A$10),"Y","N") -> N | E16: =IF(COUNTIF(Setup!A:A, R16) > 0, U16, 0) -> 0 | F16: =IF(COUNTIF(Setup!D:D, R16) > 0, U16, 0) -> 450 | G16: =IF(COUNTIF(Setup!G:G, R16) > 0, U16, 0) -> 0 | H16: =IF(COUNTIF(Setup!J:J, R16) > 0, U16, 0) -> 0 | I16: =SUMIFS(E:E,$A:$A,$O16) -> 0 | J16: =SUMIFS(F:F,$A:$A,$O16) -> 0 | K16: =SUMIFS(G:G,$A:$A,$O16) -> 0 | L16: =SUMIFS(H:H,$A:$A,$O16) -> 0 | M16: =IF(D16="Y",MAX(0,I16-Setup!$A$8),0) -> 0 | N16: =IF(D16="Y",MAX(0,K16-Setup!$A$8),0) -> 0 | R16: 566 | S16: Fidelity Retirement Roth 403(b) Employee Contribution | T16: RT_C50, Catch-up over 50 | U16: 450 | V16: 0 | W16: 65134.68 | X16: 57253.32 | Y16: 82002.66
A17: =IF(O17="",A16,O17) -> A00000004 | B17: =IF(P17="",B16,P17) -> Daniel R. Holloway | C17: =IF(Q17="",C16,Q17) -> 53 | D17: =IF(AND(Y17>=Setup!$A$9,C17>=Setup!$A$10),"Y","N") -> N | E17: =IF(COUNTIF(Setup!A:A, R17) > 0, U17, 0) -> 0 | F17: =IF(COUNTIF(Setup!D:D, R17) > 0, U17, 0) -> 0 | G17: =IF(COUNTIF(Setup!G:G, R17) > 0, U17, 0) -> 0 | H17: =IF(COUNTIF(Setup!J:J, R17) > 0, U17, 0) -> 0 | I17: =SUMIFS(E:E,$A:$A,$O17) -> 0 | J17: =SUMIFS(F:F,$A:$A,$O17) -> 0 | K17: =SUMIFS(G:G,$A:$A,$O17) -> 0 | L17: =SUMIFS(H:H,$A:$A,$O17) -> 0 | M17: =IF(D17="Y",MAX(0,I17-Setup!$A$8),0) -> 0 | N17: =IF(D17="Y",MAX(0,K17-Setup!$A$8),0) -> 0 | R17: 525 | S17: Fidelity Retirement Employer Contribution | T17: RT_EE_AF, ER Contr EE Hire After 1/31/21 | U17: 0 | V17: 1196.4 | W17: 63190.44 | X17: 57253.32 | Y17: 82002.66
A18: =IF(O18="",A17,O18) -> A00000004 | B18: =IF(P18="",B17,P18) -> Daniel R. Holloway | C18: =IF(Q18="",C17,Q18) -> 53 | D18: =IF(AND(Y18>=Setup!$A$9,C18>=Setup!$A$10),"Y","N") -> N | E18: =IF(COUNTIF(Setup!A:A, R18) > 0, U18, 0) -> 1895.76 | F18: =IF(COUNTIF(Setup!D:D, R18) > 0, U18, 0) -> 0 | G18: =IF(COUNTIF(Setup!G:G, R18) > 0, U18, 0) -> 0 | H18: =IF(COUNTIF(Setup!J:J, R18) > 0, U18, 0) -> 0 | I18: =SUMIFS(E:E,$A:$A,$O18) -> 0 | J18: =SUMIFS(F:F,$A:$A,$O18) -> 0 | K18: =SUMIFS(G:G,$A:$A,$O18) -> 0 | L18: =SUMIFS(H:H,$A:$A,$O18) -> 0 | M18: =IF(D18="Y",MAX(0,I18-Setup!$A$8),0) -> 0 | N18: =IF(D18="Y",MAX(0,K18-Setup!$A$8),0) -> 0 | R18: 657 | S18: TIAA Retirement 403(b) Employee Contribution | T18: RT_C50, Catch-up over 50 | U18: 1895.76 | V18: 0 | W18: 63190.44 | X18: 57253.32 | Y18: 82002.66
A19: =IF(O19="",A18,O19) -> A00000005 | B19: =IF(P19="",B18,P19) -> Emily J. Harrington | C19: =IF(Q19="",C18,Q19) -> 54 | D19: =IF(AND(Y19>=Setup!$A$9,C19>=Setup!$A$10),"Y","N") -> Y | E19: =IF(COUNTIF(Setup!A:A, R19) > 0, U19, 0) -> 0 | F19: =IF(COUNTIF(Setup!D:D, R19) > 0, U19, 0) -> 0 | G19: =IF(COUNTIF(Setup!G:G, R19) > 0, U19, 0) -> 0 | H19: =IF(COUNTIF(Setup!J:J, R19) > 0, U19, 0) -> 0 | I19: =SUMIFS(E:E,$A:$A,$O19) -> 3663 | J19: =SUMIFS(F:F,$A:$A,$O19) -> 4500 | K19: =SUMIFS(G:G,$A:$A,$O19) -> 4500 | L19: =SUMIFS(H:H,$A:$A,$O19) -> 900 | M19: =IF(D19="Y",MAX(0,I19-Setup!$A$8),0) -> 0 | N19: =IF(D19="Y",MAX(0,K19-Setup!$A$8),0) -> 0 | O19: A00000005 | P19: Emily J. Harrington | Q19: 54 | R19: 525 | S19: Fidelity Retirement Employer Contribution | T19: RT_EE_AF, ER Contr EE Hire After 1/31/21 | U19: 0 | V19: 2600.73 | W19: 122099.94 | X19: 122125.38 | Y19: 167802.86
A20: =IF(O20="",A19,O20) -> A00000005 | B20: =IF(P20="",B19,P20) -> Emily J. Harrington | C20: =IF(Q20="",C19,Q20) -> 54 | D20: =IF(AND(Y20>=Setup!$A$9,C20>=Setup!$A$10),"Y","N") -> Y | E20: =IF(COUNTIF(Setup!A:A, R20) > 0, U20, 0) -> 0 | F20: =IF(COUNTIF(Setup!D:D, R20) > 0, U20, 0) -> 0 | G20: =IF(COUNTIF(Setup!G:G, R20) > 0, U20, 0) -> 0 | H20: =IF(COUNTIF(Setup!J:J, R20) > 0, U20, 0) -> 900 | I20: =SUMIFS(E:E,$A:$A,$O20) -> 0 | J20: =SUMIFS(F:F,$A:$A,$O20) -> 0 | K20: =SUMIFS(G:G,$A:$A,$O20) -> 0 | L20: =SUMIFS(H:H,$A:$A,$O20) -> 0 | M20: =IF(D20="Y",MAX(0,I20-Setup!$A$8),0) -> 0 | N20: =IF(D20="Y",MAX(0,K20-Setup!$A$8),0) -> 0 | R20: 572 | S20: Fidelity Retirement Roth 457(b) Employee Contribution | T20: RT_C50, Catch-up over 50 | U20: 900 | V20: 0 | W20: 122099.94 | X20: 122125.38 | Y20: 167802.86
A21: =IF(O21="",A20,O21) -> A00000005 | B21: =IF(P21="",B20,P21) -> Emily J. Harrington | C21: =IF(Q21="",C20,Q21) -> 54 | D21: =IF(AND(Y21>=Setup!$A$9,C21>=Setup!$A$10),"Y","N") -> Y | E21: =IF(COUNTIF(Setup!A:A, R21) > 0, U21, 0) -> 3663 | F21: =IF(COUNTIF(Setup!D:D, R21) > 0, U21, 0) -> 0 | G21: =IF(COUNTIF(Setup!G:G, R21) > 0, U21, 0) -> 0 | H21: =IF(COUNTIF(Setup!J:J, R21) > 0, U21, 0) -> 0 | I21: =SUMIFS(E:E,$A:$A,$O21) -> 0 | J21: =SUMIFS(F:F,$A:$A,$O21) -> 0 | K21: =SUMIFS(G:G,$A:$A,$O21) -> 0 | L21: =SUMIFS(H:H,$A:$A,$O21) -> 0 | M21: =IF(D21="Y",MAX(0,I21-Setup!$A$8),0) -> 0 | N21: =IF(D21="Y",MAX(0,K21-Setup!$A$8),0) -> 0 | R21: 657 | S21: TIAA Retirement 403(b) Employee Contribution | T21: RT_C50, Catch-up over 50 | U21: 3663 | V21: 0 | W21: 122099.94 | X21: 122125.38 | Y21: 167802.86
A22: =IF(O22="",A21,O22) -> A00000005 | B22: =IF(P22="",B21,P22) -> Emily J. Harrington | C22: =IF(Q22="",C21,Q22) -> 54 | D22: =IF(AND(Y22>=Setup!$A$9,C22>=Setup!$A$10),"Y","N") -> Y | E22: =IF(COUNTIF(Setup!A:A, R22) > 0, U22, 0) -> 0 | F22: =IF(COUNTIF(Setup!D:D, R22) > 0, U22, 0) -> 4500 | G22: =IF(COUNTIF(Setup!G:G, R22) > 0, U22, 0) -> 0 | H22: =IF(COUNTIF(Setup!J:J, R22) > 0, U22, 0) -> 0 | I22: =SUMIFS(E:E,$A:$A,$O22) -> 0 | J22: =SUMIFS(F:F,$A:$A,$O22) -> 0 | K22: =SUMIFS(G:G,$A:$A,$O22) -> 0 | L22: =SUMIFS(H:H,$A:$A,$O22) -> 0 | M22: =IF(D22="Y",MAX(0,I22-Setup!$A$8),0) -> 0 | N22: =IF(D22="Y",MAX(0,K22-Setup!$A$8),0) -> 0 | R22: 566 | S22: Fidelity Retirement Roth 403(b) Employee Contribution | T22: RT_C50, Catch-up over 50 | U22: 4500 | V22: 0 | W22: 122099.94 | X22: 122125.38 | Y22: 167802.86
A23: =IF(O23="",A22,O23) -> A00000005 | B23: =IF(P23="",B22,P23) -> Emily J. Harrington | C23: =IF(Q23="",C22,Q23) -> 54 | D23: =IF(AND(Y23>=Setup!$A$9,C23>=Setup!$A$10),"Y","N") -> Y | E23: =IF(COUNTIF(Setup!A:A, R23) > 0, U23, 0) -> 0 | F23: =IF(COUNTIF(Setup!D:D, R23) > 0, U23, 0) -> 0 | G23: =IF(COUNTIF(Setup!G:G, R23) > 0, U23, 0) -> 4500 | H23: =IF(COUNTIF(Setup!J:J, R23) > 0, U23, 0) -> 0 | I23: =SUMIFS(E:E,$A:$A,$O23) -> 0 | J23: =SUMIFS(F:F,$A:$A,$O23) -> 0 | K23: =SUMIFS(G:G,$A:$A,$O23) -> 0 | L23: =SUMIFS(H:H,$A:$A,$O23) -> 0 | M23: =IF(D23="Y",MAX(0,I23-Setup!$A$8),0) -> 0 | N23: =IF(D23="Y",MAX(0,K23-Setup!$A$8),0) -> 0 | R23: 569 | S23: Fidelity Retirement 457(b) Employee Contribution | T23: RT_C50, Catch-up over 50 | U23: 4500 | V23: 0 | W23: 122099.94 | X23: 122125.38 | Y23: 167802.86
A24: =IF(O24="",A23,O24) -> A00000005 | B24: =IF(P24="",B23,P24) -> Emily J. Harrington | C24: =IF(Q24="",C23,Q24) -> 54 | D24: =IF(AND(Y24>=Setup!$A$9,C24>=Setup!$A$10),"Y","N") -> Y | E24: =IF(COUNTIF(Setup!A:A, R24) > 0, U24, 0) -> 0 | F24: =IF(COUNTIF(Setup!D:D, R24) > 0, U24, 0) -> 0 | G24: =IF(COUNTIF(Setup!G:G, R24) > 0, U24, 0) -> 0 | H24: =IF(COUNTIF(Setup!J:J, R24) > 0, U24, 0) -> 0 | I24: =SUMIFS(E:E,$A:$A,$O24) -> 0 | J24: =SUMIFS(F:F,$A:$A,$O24) -> 0 | K24: =SUMIFS(G:G,$A:$A,$O24) -> 0 | L24: =SUMIFS(H:H,$A:$A,$O24) -> 0 | M24: =IF(D24="Y",MAX(0,I24-Setup!$A$8),0) -> 0 | N24: =IF(D24="Y",MAX(0,K24-Setup!$A$8),0) -> 0 | R24: 521 | S24: TIAA Retirement Employer Contribution | T24: RT_EE_AF, ER Contr EE Hire After 1/31/21 | U24: 0 | V24: 288.96 | W24: 122099.94 | X24: 122125.38 | Y24: 167802.86
A25: =IF(O25="",A24,O25) -> A00000006 | B25: =IF(P25="",B24,P25) -> Hannah Lowell Reed | C25: =IF(Q25="",C24,Q25) -> 53 | D25: =IF(AND(Y25>=Setup!$A$9,C25>=Setup!$A$10),"Y","N") -> N | E25: =IF(COUNTIF(Setup!A:A, R25) > 0, U25, 0) -> 0 | F25: =IF(COUNTIF(Setup!D:D, R25) > 0, U25, 0) -> 0 | G25: =IF(COUNTIF(Setup!G:G, R25) > 0, U25, 0) -> 0 | H25: =IF(COUNTIF(Setup!J:J, R25) > 0, U25, 0) -> 0 | I25: =SUMIFS(E:E,$A:$A,$O25) -> 1270.44 | J25: =SUMIFS(F:F,$A:$A,$O25) -> 0 | K25: =SUMIFS(G:G,$A:$A,$O25) -> 1242 | L25: =SUMIFS(H:H,$A:$A,$O25) -> 0 | M25: =IF(D25="Y",MAX(0,I25-Setup!$A$8),0) -> 0 | N25: =IF(D25="Y",MAX(0,K25-Setup!$A$8),0) -> 0 | O25: A00000006 | P25: Hannah Lowell Reed | Q25: 53 | R25: 504 | S25: Tier 2 Utah Retirement Systems 401(k) Employer Contribution | U25: 0 | V25: 0 | W25: 31762.44 | X25: 29031.12 | Y25: 41058.08
A26: =IF(O26="",A25,O26) -> A00000006 | B26: =IF(P26="",B25,P26) -> Hannah Lowell Reed | C26: =IF(Q26="",C25,Q26) -> 53 | D26: =IF(AND(Y26>=Setup!$A$9,C26>=Setup!$A$10),"Y","N") -> N | E26: =IF(COUNTIF(Setup!A:A, R26) > 0, U26, 0) -> 0 | F26: =IF(COUNTIF(Setup!D:D, R26) > 0, U26, 0) -> 0 | G26: =IF(COUNTIF(Setup!G:G, R26) > 0, U26, 0) -> 1242 | H26: =IF(COUNTIF(Setup!J:J, R26) > 0, U26, 0) -> 0 | I26: =SUMIFS(E:E,$A:$A,$O26) -> 0 | J26: =SUMIFS(F:F,$A:$A,$O26) -> 0 | K26: =SUMIFS(G:G,$A:$A,$O26) -> 0 | L26: =SUMIFS(H:H,$A:$A,$O26) -> 0 | M26: =IF(D26="Y",MAX(0,I26-Setup!$A$8),0) -> 0 | N26: =IF(D26="Y",MAX(0,K26-Setup!$A$8),0) -> 0 | R26: 569 | S26: Fidelity Retirement 457(b) Employee Contribution | T26: RT_C50, Catch-up over 50 | U26: 1242 | V26: 0 | W26: 32831.34 | X26: 29031.12 | Y26: 41058.08
A27: =IF(O27="",A26,O27) -> A00000006 | B27: =IF(P27="",B26,P27) -> Hannah Lowell Reed | C27: =IF(Q27="",C26,Q27) -> 53 | D27: =IF(AND(Y27>=Setup!$A$9,C27>=Setup!$A$10),"Y","N") -> N | E27: =IF(COUNTIF(Setup!A:A, R27) > 0, U27, 0) -> 1270.44 | F27: =IF(COUNTIF(Setup!D:D, R27) > 0, U27, 0) -> 0 | G27: =IF(COUNTIF(Setup!G:G, R27) > 0, U27, 0) -> 0 | H27: =IF(COUNTIF(Setup!J:J, R27) > 0, U27, 0) -> 0 | I27: =SUMIFS(E:E,$A:$A,$O27) -> 0 | J27: =SUMIFS(F:F,$A:$A,$O27) -> 0 | K27: =SUMIFS(G:G,$A:$A,$O27) -> 0 | L27: =SUMIFS(H:H,$A:$A,$O27) -> 0 | M27: =IF(D27="Y",MAX(0,I27-Setup!$A$8),0) -> 0 | N27: =IF(D27="Y",MAX(0,K27-Setup!$A$8),0) -> 0 | R27: 656 | S27: Fidelity Retirement 403(b) Employee Contribution | T27: RT_C50, Catch-up over 50 | U27: 1270.44 | V27: 0 | W27: 31762.44 | X27: 29031.12 | Y27: 41058.08
A28: =IF(O28="",A27,O28) -> A00000006 | B28: =IF(P28="",B27,P28) -> Hannah Lowell Reed | C28: =IF(Q28="",C27,Q28) -> 53 | D28: =IF(AND(Y28>=Setup!$A$9,C28>=Setup!$A$10),"Y","N") -> N | E28: =IF(COUNTIF(Setup!A:A, R28) > 0, U28, 0) -> 0 | F28: =IF(COUNTIF(Setup!D:D, R28) > 0, U28, 0) -> 0 | G28: =IF(COUNTIF(Setup!G:G, R28) > 0, U28, 0) -> 0 | H28: =IF(COUNTIF(Setup!J:J, R28) > 0, U28, 0) -> 0 | I28: =SUMIFS(E:E,$A:$A,$O28) -> 0 | J28: =SUMIFS(F:F,$A:$A,$O28) -> 0 | K28: =SUMIFS(G:G,$A:$A,$O28) -> 0 | L28: =SUMIFS(H:H,$A:$A,$O28) -> 0 | M28: =IF(D28="Y",MAX(0,I28-Setup!$A$8),0) -> 0 | N28: =IF(D28="Y",MAX(0,K28-Setup!$A$8),0) -> 0 | R28: 505 | S28: Tier 2 Utah Retirement Systems Employer Contribution | U28: 0 | V28: 1059.81 | W28: 31762.44 | X28: 29031.12 | Y28: 41058.08
A29: =IF(O29="",A28,O29) -> A00000006 | B29: =IF(P29="",B28,P29) -> Hannah Lowell Reed | C29: =IF(Q29="",C28,Q29) -> 53 | D29: =IF(AND(Y29>=Setup!$A$9,C29>=Setup!$A$10),"Y","N") -> N | E29: =IF(COUNTIF(Setup!A:A, R29) > 0, U29, 0) -> 0 | F29: =IF(COUNTIF(Setup!D:D, R29) > 0, U29, 0) -> 0 | G29: =IF(COUNTIF(Setup!G:G, R29) > 0, U29, 0) -> 0 | H29: =IF(COUNTIF(Setup!J:J, R29) > 0, U29, 0) -> 0 | I29: =SUMIFS(E:E,$A:$A,$O29) -> 0 | J29: =SUMIFS(F:F,$A:$A,$O29) -> 0 | K29: =SUMIFS(G:G,$A:$A,$O29) -> 0 | L29: =SUMIFS(H:H,$A:$A,$O29) -> 0 | M29: =IF(D29="Y",MAX(0,I29-Setup!$A$8),0) -> 0 | N29: =IF(D29="Y",MAX(0,K29-Setup!$A$8),0) -> 0 | R29: 503 | S29: Tier 2 Utah Retirement Systems Employee Contribution | U29: 257.22 | V29: 0 | W29: 31762.44 | X29: 29031.12 | Y29: 41058.08
A30: =IF(O30="",A29,O30) -> A00000006 | B30: =IF(P30="",B29,P30) -> Hannah Lowell Reed | C30: =IF(Q30="",C29,Q30) -> 53 | D30: =IF(AND(Y30>=Setup!$A$9,C30>=Setup!$A$10),"Y","N") -> N | E30: =IF(COUNTIF(Setup!A:A, R30) > 0, U30, 0) -> 0 | F30: =IF(COUNTIF(Setup!D:D, R30) > 0, U30, 0) -> 0 | G30: =IF(COUNTIF(Setup!G:G, R30) > 0, U30, 0) -> 0 | H30: =IF(COUNTIF(Setup!J:J, R30) > 0, U30, 0) -> 0 | I30: =SUMIFS(E:E,$A:$A,$O30) -> 0 | J30: =SUMIFS(F:F,$A:$A,$O30) -> 0 | K30: =SUMIFS(G:G,$A:$A,$O30) -> 0 | L30: =SUMIFS(H:H,$A:$A,$O30) -> 0 | M30: =IF(D30="Y",MAX(0,I30-Setup!$A$8),0) -> 0 | N30: =IF(D30="Y",MAX(0,K30-Setup!$A$8),0) -> 0 | R30: 506 | S30: Tier 1 Utah Retirement Systems Employer Contribution | U30: 0 | V30: 1743.91 | W30: 47154.06 | X30: 44173.14 | Y30: 61698.36
A31: =IF(O31="",A30,O31) -> A00000007 | B31: =IF(P31="",B30,P31) -> Isaac P. Nakamura | C31: =IF(Q31="",C30,Q31) -> 52 | D31: =IF(AND(Y31>=Setup!$A$9,C31>=Setup!$A$10),"Y","N") -> Y | E31: =IF(COUNTIF(Setup!A:A, R31) > 0, U31, 0) -> 0 | F31: =IF(COUNTIF(Setup!D:D, R31) > 0, U31, 0) -> 0 | G31: =IF(COUNTIF(Setup!G:G, R31) > 0, U31, 0) -> 15750 | H31: =IF(COUNTIF(Setup!J:J, R31) > 0, U31, 0) -> 0 | I31: =SUMIFS(E:E,$A:$A,$O31) -> 0 | J31: =SUMIFS(F:F,$A:$A,$O31) -> 0 | K31: =SUMIFS(G:G,$A:$A,$O31) -> 15750 | L31: =SUMIFS(H:H,$A:$A,$O31) -> 0 | M31: =IF(D31="Y",MAX(0,I31-Setup!$A$8),0) -> 0 | N31: =IF(D31="Y",MAX(0,K31-Setup!$A$8),0) -> 0 | O31: A00000007 | P31: Isaac P. Nakamura | Q31: 52 | R31: 569 | S31: Fidelity Retirement 457(b) Employee Contribution | T31: RT_C50, Catch-up over 50 | U31: 15750 | V31: 0 | W31: 186159.6 | X31: 174183.48 | Y31: 176100
A32: =IF(O32="",A31,O32) -> A00000007 | B32: =IF(P32="",B31,P32) -> Isaac P. Nakamura | C32: =IF(Q32="",C31,Q32) -> 52 | D32: =IF(AND(Y32>=Setup!$A$9,C32>=Setup!$A$10),"Y","N") -> Y | E32: =IF(COUNTIF(Setup!A:A, R32) > 0, U32, 0) -> 0 | F32: =IF(COUNTIF(Setup!D:D, R32) > 0, U32, 0) -> 0 | G32: =IF(COUNTIF(Setup!G:G, R32) > 0, U32, 0) -> 0 | H32: =IF(COUNTIF(Setup!J:J, R32) > 0, U32, 0) -> 0 | I32: =SUMIFS(E:E,$A:$A,$O32) -> 0 | J32: =SUMIFS(F:F,$A:$A,$O32) -> 0 | K32: =SUMIFS(G:G,$A:$A,$O32) -> 0 | L32: =SUMIFS(H:H,$A:$A,$O32) -> 0 | M32: =IF(D32="Y",MAX(0,I32-Setup!$A$8),0) -> 0 | N32: =IF(D32="Y",MAX(0,K32-Setup!$A$8),0) -> 0 | R32: 572 | S32: Fidelity Retirement Roth 457(b) Employee Contribution | T32: RT_C50, Catch-up over 50 | U32: 0 | V32: 0 | W32: 186159.6 | X32: 174183.48 | Y32: 176100
A33: =IF(O33="",A32,O33) -> A00000007 | B33: =IF(P33="",B32,P33) -> Isaac P. Nakamura | C33: =IF(Q33="",C32,Q33) -> 52 | D33: =IF(AND(Y33>=Setup!$A$9,C33>=Setup!$A$10),"Y","N") -> Y | E33: =IF(COUNTIF(Setup!A:A, R33) > 0, U33, 0) -> 0 | F33: =IF(COUNTIF(Setup!D:D, R33) > 0, U33, 0) -> 0 | G33: =IF(COUNTIF(Setup!G:G, R33) > 0, U33, 0) -> 0 | H33: =IF(COUNTIF(Setup!J:J, R33) > 0, U33, 0) -> 0 | I33: =SUMIFS(E:E,$A:$A,$O33) -> 0 | J33: =SUMIFS(F:F,$A:$A,$O33) -> 0 | K33: =SUMIFS(G:G,$A:$A,$O33) -> 0 | L33: =SUMIFS(H:H,$A:$A,$O33) -> 0 | M33: =IF(D33="Y",MAX(0,I33-Setup!$A$8),0) -> 0 | N33: =IF(D33="Y",MAX(0,K33-Setup!$A$8),0) -> 0 | R33: 525 | S33: Fidelity Retirement Employer Contribution | T33: RT_EE_BF, ER Contr EE Hire Before 2/1/21 | U33: 0 | V33: 4182 | W33: 176704.2 | X33: 174183.48 | Y33: 176100
A34: =IF(O34="",A33,O34) -> A00000008 | B34: =IF(P34="",B33,P34) -> Jordan Blake Thompson | C34: =IF(Q34="",C33,Q34) -> 51 | D34: =IF(AND(Y34>=Setup!$A$9,C34>=Setup!$A$10),"Y","N") -> N | E34: =IF(COUNTIF(Setup!A:A, R34) > 0, U34, 0) -> 0 | F34: =IF(COUNTIF(Setup!D:D, R34) > 0, U34, 0) -> 0 | G34: =IF(COUNTIF(Setup!G:G, R34) > 0, U34, 0) -> 10706.22 | H34: =IF(COUNTIF(Setup!J:J, R34) > 0, U34, 0) -> 0 | I34: =SUMIFS(E:E,$A:$A,$O34) -> 1595.52 | J34: =SUMIFS(F:F,$A:$A,$O34) -> 0 | K34: =SUMIFS(G:G,$A:$A,$O34) -> 21412.44 | L34: =SUMIFS(H:H,$A:$A,$O34) -> 0 | M34: =IF(D34="Y",MAX(0,I34-Setup!$A$8),0) -> 0 | N34: =IF(D34="Y",MAX(0,K34-Setup!$A$8),0) -> 0 | O34: A00000008 | P34: Jordan Blake Thompson | Q34: 51 | R34: 569 | S34: Fidelity Retirement 457(b) Employee Contribution | T34: RT_C50, Catch-up over 50 | U34: 10706.22 | V34: 0 | W34: 53181.72 | X34: 52929.72 | Y34: 32964.88
A35: =IF(O35="",A34,O35) -> A00000008 | B35: =IF(P35="",B34,P35) -> Jordan Blake Thompson | C35: =IF(Q35="",C34,Q35) -> 51 | D35: =IF(AND(Y35>=Setup!$A$9,C35>=Setup!$A$10),"Y","N") -> N | E35: =IF(COUNTIF(Setup!A:A, R35) > 0, U35, 0) -> 1595.52 | F35: =IF(COUNTIF(Setup!D:D, R35) > 0, U35, 0) -> 0 | G35: =IF(COUNTIF(Setup!G:G, R35) > 0, U35, 0) -> 0 | H35: =IF(COUNTIF(Setup!J:J, R35) > 0, U35, 0) -> 0 | I35: =SUMIFS(E:E,$A:$A,$O35) -> 0 | J35: =SUMIFS(F:F,$A:$A,$O35) -> 0 | K35: =SUMIFS(G:G,$A:$A,$O35) -> 0 | L35: =SUMIFS(H:H,$A:$A,$O35) -> 0 | M35: =IF(D35="Y",MAX(0,I35-Setup!$A$8),0) -> 0 | N35: =IF(D35="Y",MAX(0,K35-Setup!$A$8),0) -> 0 | R35: 657 | S35: TIAA Retirement 403(b) Employee Contribution | T35: RT_C50, Catch-up over 50 | U35: 1595.52 | V35: 0 | W35: 53181.72 | X35: 52929.72 | Y35: 32964.88
A36: =IF(O36="",A35,O36) -> A00000008 | B36: =IF(P36="",B35,P36) -> Jordan Blake Thompson | C36: =IF(Q36="",C35,Q36) -> 51 | D36: =IF(AND(Y36>=Setup!$A$9,C36>=Setup!$A$10),"Y","N") -> N | E36: =IF(COUNTIF(Setup!A:A, R36) > 0, U36, 0) -> 0 | F36: =IF(COUNTIF(Setup!D:D, R36) > 0, U36, 0) -> 0 | G36: =IF(COUNTIF(Setup!G:G, R36) > 0, U36, 0) -> 0 | H36: =IF(COUNTIF(Setup!J:J, R36) > 0, U36, 0) -> 0 | I36: =SUMIFS(E:E,$A:$A,$O36) -> 0 | J36: =SUMIFS(F:F,$A:$A,$O36) -> 0 | K36: =SUMIFS(G:G,$A:$A,$O36) -> 0 | L36: =SUMIFS(H:H,$A:$A,$O36) -> 0 | M36: =IF(D36="Y",MAX(0,I36-Setup!$A$8),0) -> 0 | N36: =IF(D36="Y",MAX(0,K36-Setup!$A$8),0) -> 0 | R36: 521 | S36: TIAA Retirement Employer Contribution | T36: RT_EE_AF, ER Contr EE Hire After 1/31/21 | U36: 0 | V36: 629.31 | W36: 53181.72 | X36: 52929.72 | Y36: 32964.88
A37: =IF(O37="",A36,O37) -> A00000008 | B37: =IF(P37="",B36,P37) -> Jordan Blake Thompson | C37: =IF(Q37="",C36,Q37) -> 51 | D37: =IF(AND(Y37>=Setup!$A$9,C37>=Setup!$A$10),"Y","N") -> N | E37: =IF(COUNTIF(Setup!A:A, R37) > 0, U37, 0) -> 0 | F37: =IF(COUNTIF(Setup!D:D, R37) > 0, U37, 0) -> 0 | G37: =IF(COUNTIF(Setup!G:G, R37) > 0, U37, 0) -> 0 | H37: =IF(COUNTIF(Setup!J:J, R37) > 0, U37, 0) -> 0 | I37: =SUMIFS(E:E,$A:$A,$O37) -> 0 | J37: =SUMIFS(F:F,$A:$A,$O37) -> 0 | K37: =SUMIFS(G:G,$A:$A,$O37) -> 0 | L37: =SUMIFS(H:H,$A:$A,$O37) -> 0 | M37: =IF(D37="Y",MAX(0,I37-Setup!$A$8),0) -> 0 | N37: =IF(D37="Y",MAX(0,K37-Setup!$A$8),0) -> 0 | R37: 525 | S37: Fidelity Retirement Employer Contribution | T37: RT_EE_AF, ER Contr EE Hire After 1/31/21 | U37: 0 | V37: 629.31 | W37: 53181.72 | X37: 52929.72 | Y37: 32964.88
A38: =IF(O38="",A37,O38) -> A00000008 | B38: =IF(P38="",B37,P38) -> Jordan Blake Thompson | C38: =IF(Q38="",C37,Q38) -> 51 | D38: =IF(AND(Y38>=Setup!$A$9,C38>=Setup!$A$10),"Y","N") -> N | E38: =IF(COUNTIF(Setup!A:A, R38) > 0, U38, 0) -> 0 | F38: =IF(COUNTIF(Setup!D:D, R38) > 0, U38, 0) -> 0 | G38: =IF(COUNTIF(Setup!G:G, R38) > 0, U38, 0) -> 10706.22 | H38: =IF(COUNTIF(Setup!J:J, R38) > 0, U38, 0) -> 0 | I38: =SUMIFS(E:E,$A:$A,$O38) -> 0 | J38: =SUMIFS(F:F,$A:$A,$O38) -> 0 | K38: =SUMIFS(G:G,$A:$A,$O38) -> 0 | L38: =SUMIFS(H:H,$A:$A,$O38) -> 0 | M38: =IF(D38="Y",MAX(0,I38-Setup!$A$8),0) -> 0 | N38: =IF(D38="Y",MAX(0,K38-Setup!$A$8),0) -> 0 | R38: 554 | S38: TIAA Retirement 457(b) Employee Contribution | T38: RT_C50, Catch-up over 50 | U38: 10706.22 | V38: 0 | W38: 53181.72 | X38: 52929.72 | Y38: 32964.88
A39: =IF(O39="",A38,O39) -> A00000009 | B39: =IF(P39="",B38,P39) -> Lina M. Alvarez | C39: =IF(Q39="",C38,Q39) -> 81 | D39: =IF(AND(Y39>=Setup!$A$9,C39>=Setup!$A$10),"Y","N") -> N | E39: =IF(COUNTIF(Setup!A:A, R39) > 0, U39, 0) -> 0 | F39: =IF(COUNTIF(Setup!D:D, R39) > 0, U39, 0) -> 0 | G39: =IF(COUNTIF(Setup!G:G, R39) > 0, U39, 0) -> 0 | H39: =IF(COUNTIF(Setup!J:J, R39) > 0, U39, 0) -> 0 | I39: =SUMIFS(E:E,$A:$A,$O39) -> 14517 | J39: =SUMIFS(F:F,$A:$A,$O39) -> 0 | K39: =SUMIFS(G:G,$A:$A,$O39) -> 14571 | L39: =SUMIFS(H:H,$A:$A,$O39) -> 0 | M39: =IF(D39="Y",MAX(0,I39-Setup!$A$8),0) -> 0 | N39: =IF(D39="Y",MAX(0,K39-Setup!$A$8),0) -> 0 | O39: A00000009 | P39: Lina M. Alvarez | Q39: 81 | R39: 521 | S39: TIAA Retirement Employer Contribution | T39: RT_EE_BF, ER Contr EE Hire Before 2/1/21 | U39: 0 | V39: 1368.57 | W39: 57826.44 | X39: 56706.48 | Y39: 78802.11
A40: =IF(O40="",A39,O40) -> A00000009 | B40: =IF(P40="",B39,P40) -> Lina M. Alvarez | C40: =IF(Q40="",C39,Q40) -> 81 | D40: =IF(AND(Y40>=Setup!$A$9,C40>=Setup!$A$10),"Y","N") -> N | E40: =IF(COUNTIF(Setup!A:A, R40) > 0, U40, 0) -> 0 | F40: =IF(COUNTIF(Setup!D:D, R40) > 0, U40, 0) -> 0 | G40: =IF(COUNTIF(Setup!G:G, R40) > 0, U40, 0) -> 7380 | H40: =IF(COUNTIF(Setup!J:J, R40) > 0, U40, 0) -> 0 | I40: =SUMIFS(E:E,$A:$A,$O40) -> 0 | J40: =SUMIFS(F:F,$A:$A,$O40) -> 0 | K40: =SUMIFS(G:G,$A:$A,$O40) -> 0 | L40: =SUMIFS(H:H,$A:$A,$O40) -> 0 | M40: =IF(D40="Y",MAX(0,I40-Setup!$A$8),0) -> 0 | N40: =IF(D40="Y",MAX(0,K40-Setup!$A$8),0) -> 0 | R40: 569 | S40: Fidelity Retirement 457(b) Employee Contribution | T40: RT_C50, Catch-up over 50 | U40: 7380 | V40: 0 | W40: 57826.44 | X40: 56706.48 | Y40: 78802.11
A41: =IF(O41="",A40,O41) -> A00000009 | B41: =IF(P41="",B40,P41) -> Lina M. Alvarez | C41: =IF(Q41="",C40,Q41) -> 81 | D41: =IF(AND(Y41>=Setup!$A$9,C41>=Setup!$A$10),"Y","N") -> N | E41: =IF(COUNTIF(Setup!A:A, R41) > 0, U41, 0) -> 7254 | F41: =IF(COUNTIF(Setup!D:D, R41) > 0, U41, 0) -> 0 | G41: =IF(COUNTIF(Setup!G:G, R41) > 0, U41, 0) -> 0 | H41: =IF(COUNTIF(Setup!J:J, R41) > 0, U41, 0) -> 0 | I41: =SUMIFS(E:E,$A:$A,$O41) -> 0 | J41: =SUMIFS(F:F,$A:$A,$O41) -> 0 | K41: =SUMIFS(G:G,$A:$A,$O41) -> 0 | L41: =SUMIFS(H:H,$A:$A,$O41) -> 0 | M41: =IF(D41="Y",MAX(0,I41-Setup!$A$8),0) -> 0 | N41: =IF(D41="Y",MAX(0,K41-Setup!$A$8),0) -> 0 | R41: 556 | S41: Fidelity Retirement 403(b) Employee Contribution | T41: RT_C50, Catch-up over 50 | U41: 7254 | V41: 0 | W41: 57826.44 | X41: 56706.48 | Y41: 78802.11
A42: =IF(O42="",A41,O42) -> A00000009 | B42: =IF(P42="",B41,P42) -> Lina M. Alvarez | C42: =IF(Q42="",C41,Q42) -> 81 | D42: =IF(AND(Y42>=Setup!$A$9,C42>=Setup!$A$10),"Y","N") -> N | E42: =IF(COUNTIF(Setup!A:A, R42) > 0, U42, 0) -> 7263 | F42: =IF(COUNTIF(Setup!D:D, R42) > 0, U42, 0) -> 0 | G42: =IF(COUNTIF(Setup!G:G, R42) > 0, U42, 0) -> 0 | H42: =IF(COUNTIF(Setup!J:J, R42) > 0, U42, 0) -> 0 | I42: =SUMIFS(E:E,$A:$A,$O42) -> 0 | J42: =SUMIFS(F:F,$A:$A,$O42) -> 0 | K42: =SUMIFS(G:G,$A:$A,$O42) -> 0 | L42: =SUMIFS(H:H,$A:$A,$O42) -> 0 | M42: =IF(D42="Y",MAX(0,I42-Setup!$A$8),0) -> 0 | N42: =IF(D42="Y",MAX(0,K42-Setup!$A$8),0) -> 0 | R42: 557 | S42: TIAA Retirement 403(b) Employee Contribution | T42: RT_C50, Catch-up over 50 | U42: 7263 | V42: 0 | W42: 57826.44 | X42: 56706.48 | Y42: 78802.11
A43: =IF(O43="",A42,O43) -> A00000009 | B43: =IF(P43="",B42,P43) -> Lina M. Alvarez | C43: =IF(Q43="",C42,Q43) -> 81 | D43: =IF(AND(Y43>=Setup!$A$9,C43>=Setup!$A$10),"Y","N") -> N | E43: =IF(COUNTIF(Setup!A:A, R43) > 0, U43, 0) -> 0 | F43: =IF(COUNTIF(Setup!D:D, R43) > 0, U43, 0) -> 0 | G43: =IF(COUNTIF(Setup!G:G, R43) > 0, U43, 0) -> 0 | H43: =IF(COUNTIF(Setup!J:J, R43) > 0, U43, 0) -> 0 | I43: =SUMIFS(E:E,$A:$A,$O43) -> 0 | J43: =SUMIFS(F:F,$A:$A,$O43) -> 0 | K43: =SUMIFS(G:G,$A:$A,$O43) -> 0 | L43: =SUMIFS(H:H,$A:$A,$O43) -> 0 | M43: =IF(D43="Y",MAX(0,I43-Setup!$A$8),0) -> 0 | N43: =IF(D43="Y",MAX(0,K43-Setup!$A$8),0) -> 0 | R43: 522 | S43: TIAA 401a (Phased Retirement Portion) | T43: RT_EE_BF, ER Contr EE Hire Before 2/1/21 | U43: 0 | V43: 497.76 | W43: 57826.44 | X43: 56706.48 | Y43: 78802.11
A44: =IF(O44="",A43,O44) -> A00000009 | B44: =IF(P44="",B43,P44) -> Lina M. Alvarez | C44: =IF(Q44="",C43,Q44) -> 81 | D44: =IF(AND(Y44>=Setup!$A$9,C44>=Setup!$A$10),"Y","N") -> N | E44: =IF(COUNTIF(Setup!A:A, R44) > 0, U44, 0) -> 0 | F44: =IF(COUNTIF(Setup!D:D, R44) > 0, U44, 0) -> 0 | G44: =IF(COUNTIF(Setup!G:G, R44) > 0, U44, 0) -> 7191 | H44: =IF(COUNTIF(Setup!J:J, R44) > 0, U44, 0) -> 0 | I44: =SUMIFS(E:E,$A:$A,$O44) -> 0 | J44: =SUMIFS(F:F,$A:$A,$O44) -> 0 | K44: =SUMIFS(G:G,$A:$A,$O44) -> 0 | L44: =SUMIFS(H:H,$A:$A,$O44) -> 0 | M44: =IF(D44="Y",MAX(0,I44-Setup!$A$8),0) -> 0 | N44: =IF(D44="Y",MAX(0,K44-Setup!$A$8),0) -> 0 | R44: 554 | S44: TIAA Retirement 457(b) Employee Contribution | T44: RT_C50, Catch-up over 50 | U44: 7191 | V44: 0 | W44: 57826.44 | X44: 56706.48 | Y44: 78802.11
A45: =IF(O45="",A44,O45) -> A00000010 | B45: =IF(P45="",B44,P45) -> Marcus T. O’Neill | C45: =IF(Q45="",C44,Q45) -> 54 | D45: =IF(AND(Y45>=Setup!$A$9,C45>=Setup!$A$10),"Y","N") -> N | E45: =IF(COUNTIF(Setup!A:A, R45) > 0, U45, 0) -> 0 | F45: =IF(COUNTIF(Setup!D:D, R45) > 0, U45, 0) -> 225 | G45: =IF(COUNTIF(Setup!G:G, R45) > 0, U45, 0) -> 0 | H45: =IF(COUNTIF(Setup!J:J, R45) > 0, U45, 0) -> 0 | I45: =SUMIFS(E:E,$A:$A,$O45) -> 1288.98 | J45: =SUMIFS(F:F,$A:$A,$O45) -> 225 | K45: =SUMIFS(G:G,$A:$A,$O45) -> 450 | L45: =SUMIFS(H:H,$A:$A,$O45) -> 0 | M45: =IF(D45="Y",MAX(0,I45-Setup!$A$8),0) -> 0 | N45: =IF(D45="Y",MAX(0,K45-Setup!$A$8),0) -> 0 | O45: A00000010 | P45: Marcus T. O’Neill | Q45: 54 | R45: 565 | S45: TIAA Retirement Roth 403(b) Employee Contribution | T45: RT_C50, Catch-up over 50 | U45: 225 | V45: 0 | W45: 38545.26 | X45: 31282.2 | Y45: 43251.7
A46: =IF(O46="",A45,O46) -> A00000010 | B46: =IF(P46="",B45,P46) -> Marcus T. O’Neill | C46: =IF(Q46="",C45,Q46) -> 54 | D46: =IF(AND(Y46>=Setup!$A$9,C46>=Setup!$A$10),"Y","N") -> N | E46: =IF(COUNTIF(Setup!A:A, R46) > 0, U46, 0) -> 0 | F46: =IF(COUNTIF(Setup!D:D, R46) > 0, U46, 0) -> 0 | G46: =IF(COUNTIF(Setup!G:G, R46) > 0, U46, 0) -> 0 | H46: =IF(COUNTIF(Setup!J:J, R46) > 0, U46, 0) -> 0 | I46: =SUMIFS(E:E,$A:$A,$O46) -> 0 | J46: =SUMIFS(F:F,$A:$A,$O46) -> 0 | K46: =SUMIFS(G:G,$A:$A,$O46) -> 0 | L46: =SUMIFS(H:H,$A:$A,$O46) -> 0 | M46: =IF(D46="Y",MAX(0,I46-Setup!$A$8),0) -> 0 | N46: =IF(D46="Y",MAX(0,K46-Setup!$A$8),0) -> 0 | R46: 590 | S46: Utah Retirement Systems 401(k) Loan Repayment | U46: 1074.42 | V46: 0 | W46: 38545.26 | X46: 31282.2 | Y46: 43251.7
A47: =IF(O47="",A46,O47) -> A00000010 | B47: =IF(P47="",B46,P47) -> Marcus T. O’Neill | C47: =IF(Q47="",C46,Q47) -> 54 | D47: =IF(AND(Y47>=Setup!$A$9,C47>=Setup!$A$10),"Y","N") -> N | E47: =IF(COUNTIF(Setup!A:A, R47) > 0, U47, 0) -> 0 | F47: =IF(COUNTIF(Setup!D:D, R47) > 0, U47, 0) -> 0 | G47: =IF(COUNTIF(Setup!G:G, R47) > 0, U47, 0) -> 450 | H47: =IF(COUNTIF(Setup!J:J, R47) > 0, U47, 0) -> 0 | I47: =SUMIFS(E:E,$A:$A,$O47) -> 0 | J47: =SUMIFS(F:F,$A:$A,$O47) -> 0 | K47: =SUMIFS(G:G,$A:$A,$O47) -> 0 | L47: =SUMIFS(H:H,$A:$A,$O47) -> 0 | M47: =IF(D47="Y",MAX(0,I47-Setup!$A$8),0) -> 0 | N47: =IF(D47="Y",MAX(0,K47-Setup!$A$8),0) -> 0 | R47: 554 | S47: TIAA Retirement 457(b) Employee Contribution | T47: RT_C50, Catch-up over 50 | U47: 450 | V47: 0 | W47: 38545.26 | X47: 31282.2 | Y47: 43251.7
A48: =IF(O48="",A47,O48) -> A00000010 | B48: =IF(P48="",B47,P48) -> Marcus T. O’Neill | C48: =IF(Q48="",C47,Q48) -> 54 | D48: =IF(AND(Y48>=Setup!$A$9,C48>=Setup!$A$10),"Y","N") -> N | E48: =IF(COUNTIF(Setup!A:A, R48) > 0, U48, 0) -> 0 | F48: =IF(COUNTIF(Setup!D:D, R48) > 0, U48, 0) -> 0 | G48: =IF(COUNTIF(Setup!G:G, R48) > 0, U48, 0) -> 0 | H48: =IF(COUNTIF(Setup!J:J, R48) > 0, U48, 0) -> 0 | I48: =SUMIFS(E:E,$A:$A,$O48) -> 0 | J48: =SUMIFS(F:F,$A:$A,$O48) -> 0 | K48: =SUMIFS(G:G,$A:$A,$O48) -> 0 | L48: =SUMIFS(H:H,$A:$A,$O48) -> 0 | M48: =IF(D48="Y",MAX(0,I48-Setup!$A$8),0) -> 0 | N48: =IF(D48="Y",MAX(0,K48-Setup!$A$8),0) -> 0 | R48: 507 | S48: Tier 1 Utah Retirement Systems 401(k) Employer Contribution | U48: 0 | V48: 88.65 | W48: 35463.06 | X48: 31282.2 | Y48: 43251.7
A49: =IF(O49="",A48,O49) -> A00000010 | B49: =IF(P49="",B48,P49) -> Marcus T. O’Neill | C49: =IF(Q49="",C48,Q49) -> 54 | D49: =IF(AND(Y49>=Setup!$A$9,C49>=Setup!$A$10),"Y","N") -> N | E49: =IF(COUNTIF(Setup!A:A, R49) > 0, U49, 0) -> 0 | F49: =IF(COUNTIF(Setup!D:D, R49) > 0, U49, 0) -> 0 | G49: =IF(COUNTIF(Setup!G:G, R49) > 0, U49, 0) -> 0 | H49: =IF(COUNTIF(Setup!J:J, R49) > 0, U49, 0) -> 0 | I49: =SUMIFS(E:E,$A:$A,$O49) -> 0 | J49: =SUMIFS(F:F,$A:$A,$O49) -> 0 | K49: =SUMIFS(G:G,$A:$A,$O49) -> 0 | L49: =SUMIFS(H:H,$A:$A,$O49) -> 0 | M49: =IF(D49="Y",MAX(0,I49-Setup!$A$8),0) -> 0 | N49: =IF(D49="Y",MAX(0,K49-Setup!$A$8),0) -> 0 | R49: 506 | S49: Tier 1 Utah Retirement Systems Employer Contribution | U49: 0 | V49: 1311.54 | W49: 35463.06 | X49: 31282.2 | Y49: 43251.7
A50: =IF(O50="",A49,O50) -> A00000010 | B50: =IF(P50="",B49,P50) -> Marcus T. O’Neill | C50: =IF(Q50="",C49,Q50) -> 54 | D50: =IF(AND(Y50>=Setup!$A$9,C50>=Setup!$A$10),"Y","N") -> N | E50: =IF(COUNTIF(Setup!A:A, R50) > 0, U50, 0) -> 225 | F50: =IF(COUNTIF(Setup!D:D, R50) > 0, U50, 0) -> 0 | G50: =IF(COUNTIF(Setup!G:G, R50) > 0, U50, 0) -> 0 | H50: =IF(COUNTIF(Setup!J:J, R50) > 0, U50, 0) -> 0 | I50: =SUMIFS(E:E,$A:$A,$O50) -> 0 | J50: =SUMIFS(F:F,$A:$A,$O50) -> 0 | K50: =SUMIFS(G:G,$A:$A,$O50) -> 0 | L50: =SUMIFS(H:H,$A:$A,$O50) -> 0 | M50: =IF(D50="Y",MAX(0,I50-Setup!$A$8),0) -> 0 | N50: =IF(D50="Y",MAX(0,K50-Setup!$A$8),0) -> 0 | R50: 553 | S50: Utah Retirement Systems 401(k) Employee Contribution | T50: RT_C50, Catch-up over 50 | U50: 225 | V50: 0 | W50: 38545.26 | X50: 31282.2 | Y50: 43251.7
A51: =IF(O51="",A50,O51) -> A00000010 | B51: =IF(P51="",B50,P51) -> Marcus T. O’Neill | C51: =IF(Q51="",C50,Q51) -> 54 | D51: =IF(AND(Y51>=Setup!$A$9,C51>=Setup!$A$10),"Y","N") -> N | E51: =IF(COUNTIF(Setup!A:A, R51) > 0, U51, 0) -> 1063.98 | F51: =IF(COUNTIF(Setup!D:D, R51) > 0, U51, 0) -> 0 | G51: =IF(COUNTIF(Setup!G:G, R51) > 0, U51, 0) -> 0 | H51: =IF(COUNTIF(Setup!J:J, R51) > 0, U51, 0) -> 0 | I51: =SUMIFS(E:E,$A:$A,$O51) -> 0 | J51: =SUMIFS(F:F,$A:$A,$O51) -> 0 | K51: =SUMIFS(G:G,$A:$A,$O51) -> 0 | L51: =SUMIFS(H:H,$A:$A,$O51) -> 0 | M51: =IF(D51="Y",MAX(0,I51-Setup!$A$8),0) -> 0 | N51: =IF(D51="Y",MAX(0,K51-Setup!$A$8),0) -> 0 | R51: 657 | S51: TIAA Retirement 403(b) Employee Contribution | T51: RT_C50, Catch-up over 50 | U51: 1063.98 | V51: 0 | W51: 35463.06 | X51: 31282.2 | Y51: 43251.7
A52: =IF(O52="",A51,O52) -> A00000011 | B52: =IF(P52="",B51,P52) -> Melissa Anne Carter | C52: =IF(Q52="",C51,Q52) -> 59 | D52: =IF(AND(Y52>=Setup!$A$9,C52>=Setup!$A$10),"Y","N") -> N | E52: =IF(COUNTIF(Setup!A:A, R52) > 0, U52, 0) -> 0 | F52: =IF(COUNTIF(Setup!D:D, R52) > 0, U52, 0) -> 0 | G52: =IF(COUNTIF(Setup!G:G, R52) > 0, U52, 0) -> 911.7 | H52: =IF(COUNTIF(Setup!J:J, R52) > 0, U52, 0) -> 0 | I52: =SUMIFS(E:E,$A:$A,$O52) -> 3155.76 | J52: =SUMIFS(F:F,$A:$A,$O52) -> 0 | K52: =SUMIFS(G:G,$A:$A,$O52) -> 911.7 | L52: =SUMIFS(H:H,$A:$A,$O52) -> 0 | M52: =IF(D52="Y",MAX(0,I52-Setup!$A$8),0) -> 0 | N52: =IF(D52="Y",MAX(0,K52-Setup!$A$8),0) -> 0 | O52: A00000011 | P52: Melissa Anne Carter | Q52: 59 | R52: 652 | S52: Utah Retirement Systems 457(b) Employee Contribution | T52: RT_C50, Catch-up over 50 | U52: 911.7 | V52: 0 | W52: 45583.56 | X52: 41343.3 | Y52: 56481.68
A53: =IF(O53="",A52,O53) -> A00000011 | B53: =IF(P53="",B52,P53) -> Melissa Anne Carter | C53: =IF(Q53="",C52,Q53) -> 59 | D53: =IF(AND(Y53>=Setup!$A$9,C53>=Setup!$A$10),"Y","N") -> N | E53: =IF(COUNTIF(Setup!A:A, R53) > 0, U53, 0) -> 455.76 | F53: =IF(COUNTIF(Setup!D:D, R53) > 0, U53, 0) -> 0 | G53: =IF(COUNTIF(Setup!G:G, R53) > 0, U53, 0) -> 0 | H53: =IF(COUNTIF(Setup!J:J, R53) > 0, U53, 0) -> 0 | I53: =SUMIFS(E:E,$A:$A,$O53) -> 0 | J53: =SUMIFS(F:F,$A:$A,$O53) -> 0 | K53: =SUMIFS(G:G,$A:$A,$O53) -> 0 | L53: =SUMIFS(H:H,$A:$A,$O53) -> 0 | M53: =IF(D53="Y",MAX(0,I53-Setup!$A$8),0) -> 0 | N53: =IF(D53="Y",MAX(0,K53-Setup!$A$8),0) -> 0 | R53: 653 | S53: Utah Retirement Systems 401(k) Employee Contribution | T53: RT_C50, Catch-up over 50 | U53: 455.76 | V53: 0 | W53: 45583.56 | X53: 41343.3 | Y53: 56481.68
A54: =IF(O54="",A53,O54) -> A00000011 | B54: =IF(P54="",B53,P54) -> Melissa Anne Carter | C54: =IF(Q54="",C53,Q54) -> 59 | D54: =IF(AND(Y54>=Setup!$A$9,C54>=Setup!$A$10),"Y","N") -> N | E54: =IF(COUNTIF(Setup!A:A, R54) > 0, U54, 0) -> 900 | F54: =IF(COUNTIF(Setup!D:D, R54) > 0, U54, 0) -> 0 | G54: =IF(COUNTIF(Setup!G:G, R54) > 0, U54, 0) -> 0 | H54: =IF(COUNTIF(Setup!J:J, R54) > 0, U54, 0) -> 0 | I54: =SUMIFS(E:E,$A:$A,$O54) -> 0 | J54: =SUMIFS(F:F,$A:$A,$O54) -> 0 | K54: =SUMIFS(G:G,$A:$A,$O54) -> 0 | L54: =SUMIFS(H:H,$A:$A,$O54) -> 0 | M54: =IF(D54="Y",MAX(0,I54-Setup!$A$8),0) -> 0 | N54: =IF(D54="Y",MAX(0,K54-Setup!$A$8),0) -> 0 | R54: 557 | S54: TIAA Retirement 403(b) Employee Contribution | T54: RT_C50, Catch-up over 50 | U54: 900 | V54: 0 | W54: 57078.36 | X54: 41343.3 | Y54: 56481.68
A55: =IF(O55="",A54,O55) -> A00000011 | B55: =IF(P55="",B54,P55) -> Melissa Anne Carter | C55: =IF(Q55="",C54,Q55) -> 59 | D55: =IF(AND(Y55>=Setup!$A$9,C55>=Setup!$A$10),"Y","N") -> N | E55: =IF(COUNTIF(Setup!A:A, R55) > 0, U55, 0) -> 900 | F55: =IF(COUNTIF(Setup!D:D, R55) > 0, U55, 0) -> 0 | G55: =IF(COUNTIF(Setup!G:G, R55) > 0, U55, 0) -> 0 | H55: =IF(COUNTIF(Setup!J:J, R55) > 0, U55, 0) -> 0 | I55: =SUMIFS(E:E,$A:$A,$O55) -> 0 | J55: =SUMIFS(F:F,$A:$A,$O55) -> 0 | K55: =SUMIFS(G:G,$A:$A,$O55) -> 0 | L55: =SUMIFS(H:H,$A:$A,$O55) -> 0 | M55: =IF(D55="Y",MAX(0,I55-Setup!$A$8),0) -> 0 | N55: =IF(D55="Y",MAX(0,K55-Setup!$A$8),0) -> 0 | R55: 556 | S55: Fidelity Retirement 403(b) Employee Contribution | T55: RT_C50, Catch-up over 50 | U55: 900 | V55: 0 | W55: 57078.36 | X55: 41343.3 | Y55: 56481.68
A56: =IF(O56="",A55,O56) -> A00000011 | B56: =IF(P56="",B55,P56) -> Melissa Anne Carter | C56: =IF(Q56="",C55,Q56) -> 59 | D56: =IF(AND(Y56>=Setup!$A$9,C56>=Setup!$A$10),"Y","N") -> N | E56: =IF(COUNTIF(Setup!A:A, R56) > 0, U56, 0) -> 0 | F56: =IF(COUNTIF(Setup!D:D, R56) > 0, U56, 0) -> 0 | G56: =IF(COUNTIF(Setup!G:G, R56) > 0, U56, 0) -> 0 | H56: =IF(COUNTIF(Setup!J:J, R56) > 0, U56, 0) -> 0 | I56: =SUMIFS(E:E,$A:$A,$O56) -> 0 | J56: =SUMIFS(F:F,$A:$A,$O56) -> 0 | K56: =SUMIFS(G:G,$A:$A,$O56) -> 0 | L56: =SUMIFS(H:H,$A:$A,$O56) -> 0 | M56: =IF(D56="Y",MAX(0,I56-Setup!$A$8),0) -> 0 | N56: =IF(D56="Y",MAX(0,K56-Setup!$A$8),0) -> 0 | R56: 506 | S56: Tier 1 Utah Retirement Systems Employer Contribution | U56: 0 | V56: 1685.82 | W56: 45583.56 | X56: 41343.3 | Y56: 56481.68
A57: =IF(O57="",A56,O57) -> A00000011 | B57: =IF(P57="",B56,P57) -> Melissa Anne Carter | C57: =IF(Q57="",C56,Q57) -> 59 | D57: =IF(AND(Y57>=Setup!$A$9,C57>=Setup!$A$10),"Y","N") -> N | E57: =IF(COUNTIF(Setup!A:A, R57) > 0, U57, 0) -> 900 | F57: =IF(COUNTIF(Setup!D:D, R57) > 0, U57, 0) -> 0 | G57: =IF(COUNTIF(Setup!G:G, R57) > 0, U57, 0) -> 0 | H57: =IF(COUNTIF(Setup!J:J, R57) > 0, U57, 0) -> 0 | I57: =SUMIFS(E:E,$A:$A,$O57) -> 0 | J57: =SUMIFS(F:F,$A:$A,$O57) -> 0 | K57: =SUMIFS(G:G,$A:$A,$O57) -> 0 | L57: =SUMIFS(H:H,$A:$A,$O57) -> 0 | M57: =IF(D57="Y",MAX(0,I57-Setup!$A$8),0) -> 0 | N57: =IF(D57="Y",MAX(0,K57-Setup!$A$8),0) -> 0 | R57: 553 | S57: Utah Retirement Systems 401(k) Employee Contribution | T57: RT_C50, Catch-up over 50 | U57: 900 | V57: 0 | W57: 57078.36 | X57: 41343.3 | Y57: 56481.68
A58: =IF(O58="",A57,O58) -> A00000011 | B58: =IF(P58="",B57,P58) -> Melissa Anne Carter | C58: =IF(Q58="",C57,Q58) -> 59 | D58: =IF(AND(Y58>=Setup!$A$9,C58>=Setup!$A$10),"Y","N") -> N | E58: =IF(COUNTIF(Setup!A:A, R58) > 0, U58, 0) -> 0 | F58: =IF(COUNTIF(Setup!D:D, R58) > 0, U58, 0) -> 0 | G58: =IF(COUNTIF(Setup!G:G, R58) > 0, U58, 0) -> 0 | H58: =IF(COUNTIF(Setup!J:J, R58) > 0, U58, 0) -> 0 | I58: =SUMIFS(E:E,$A:$A,$O58) -> 0 | J58: =SUMIFS(F:F,$A:$A,$O58) -> 0 | K58: =SUMIFS(G:G,$A:$A,$O58) -> 0 | L58: =SUMIFS(H:H,$A:$A,$O58) -> 0 | M58: =IF(D58="Y",MAX(0,I58-Setup!$A$8),0) -> 0 | N58: =IF(D58="Y",MAX(0,K58-Setup!$A$8),0) -> 0 | R58: 507 | S58: Tier 1 Utah Retirement Systems 401(k) Employer Contribution | U58: 0 | V58: 113.97 | W58: 45583.56 | X58: 41343.3 | Y58: 56481.68
A59: =IF(O59="",A58,O59) -> A00000012 | B59: =IF(P59="",B58,P59) -> Naomi K. Rosen | C59: =IF(Q59="",C58,Q59) -> 52 | D59: =IF(AND(Y59>=Setup!$A$9,C59>=Setup!$A$10),"Y","N") -> N | E59: =IF(COUNTIF(Setup!A:A, R59) > 0, U59, 0) -> 0 | F59: =IF(COUNTIF(Setup!D:D, R59) > 0, U59, 0) -> 0 | G59: =IF(COUNTIF(Setup!G:G, R59) > 0, U59, 0) -> 180 | H59: =IF(COUNTIF(Setup!J:J, R59) > 0, U59, 0) -> 0 | I59: =SUMIFS(E:E,$A:$A,$O59) -> 2970 | J59: =SUMIFS(F:F,$A:$A,$O59) -> 0 | K59: =SUMIFS(G:G,$A:$A,$O59) -> 180 | L59: =SUMIFS(H:H,$A:$A,$O59) -> 0 | M59: =IF(D59="Y",MAX(0,I59-Setup!$A$8),0) -> 0 | N59: =IF(D59="Y",MAX(0,K59-Setup!$A$8),0) -> 0 | O59: A00000012 | P59: Naomi K. Rosen | Q59: 52 | R59: 554 | S59: TIAA Retirement 457(b) Employee Contribution | T59: RT_C50, Catch-up over 50 | U59: 180 | V59: 0 | W59: 38461.44 | X59: 29088.72 | Y59: 50158.78
A60: =IF(O60="",A59,O60) -> A00000012 | B60: =IF(P60="",B59,P60) -> Naomi K. Rosen | C60: =IF(Q60="",C59,Q60) -> 52 | D60: =IF(AND(Y60>=Setup!$A$9,C60>=Setup!$A$10),"Y","N") -> N | E60: =IF(COUNTIF(Setup!A:A, R60) > 0, U60, 0) -> 2700 | F60: =IF(COUNTIF(Setup!D:D, R60) > 0, U60, 0) -> 0 | G60: =IF(COUNTIF(Setup!G:G, R60) > 0, U60, 0) -> 0 | H60: =IF(COUNTIF(Setup!J:J, R60) > 0, U60, 0) -> 0 | I60: =SUMIFS(E:E,$A:$A,$O60) -> 0 | J60: =SUMIFS(F:F,$A:$A,$O60) -> 0 | K60: =SUMIFS(G:G,$A:$A,$O60) -> 0 | L60: =SUMIFS(H:H,$A:$A,$O60) -> 0 | M60: =IF(D60="Y",MAX(0,I60-Setup!$A$8),0) -> 0 | N60: =IF(D60="Y",MAX(0,K60-Setup!$A$8),0) -> 0 | R60: 553 | S60: Utah Retirement Systems 401(k) Employee Contribution | T60: RT_C50, Catch-up over 50 | U60: 2700 | V60: 0 | W60: 38461.44 | X60: 29088.72 | Y60: 50158.78
A61: =IF(O61="",A60,O61) -> A00000012 | B61: =IF(P61="",B60,P61) -> Naomi K. Rosen | C61: =IF(Q61="",C60,Q61) -> 52 | D61: =IF(AND(Y61>=Setup!$A$9,C61>=Setup!$A$10),"Y","N") -> N | E61: =IF(COUNTIF(Setup!A:A, R61) > 0, U61, 0) -> 0 | F61: =IF(COUNTIF(Setup!D:D, R61) > 0, U61, 0) -> 0 | G61: =IF(COUNTIF(Setup!G:G, R61) > 0, U61, 0) -> 0 | H61: =IF(COUNTIF(Setup!J:J, R61) > 0, U61, 0) -> 0 | I61: =SUMIFS(E:E,$A:$A,$O61) -> 0 | J61: =SUMIFS(F:F,$A:$A,$O61) -> 0 | K61: =SUMIFS(G:G,$A:$A,$O61) -> 0 | L61: =SUMIFS(H:H,$A:$A,$O61) -> 0 | M61: =IF(D61="Y",MAX(0,I61-Setup!$A$8),0) -> 0 | N61: =IF(D61="Y",MAX(0,K61-Setup!$A$8),0) -> 0 | R61: 531 | S61: Tier 2 Utah Retirement Systems 401(k) Employer Contribution | U61: 0 | V61: 610.5 | W61: 36630 | X61: 29088.72 | Y61: 50158.78
A62: =IF(O62="",A61,O62) -> A00000012 | B62: =IF(P62="",B61,P62) -> Naomi K. Rosen | C62: =IF(Q62="",C61,Q62) -> 52 | D62: =IF(AND(Y62>=Setup!$A$9,C62>=Setup!$A$10),"Y","N") -> N | E62: =IF(COUNTIF(Setup!A:A, R62) > 0, U62, 0) -> 270 | F62: =IF(COUNTIF(Setup!D:D, R62) > 0, U62, 0) -> 0 | G62: =IF(COUNTIF(Setup!G:G, R62) > 0, U62, 0) -> 0 | H62: =IF(COUNTIF(Setup!J:J, R62) > 0, U62, 0) -> 0 | I62: =SUMIFS(E:E,$A:$A,$O62) -> 0 | J62: =SUMIFS(F:F,$A:$A,$O62) -> 0 | K62: =SUMIFS(G:G,$A:$A,$O62) -> 0 | L62: =SUMIFS(H:H,$A:$A,$O62) -> 0 | M62: =IF(D62="Y",MAX(0,I62-Setup!$A$8),0) -> 0 | N62: =IF(D62="Y",MAX(0,K62-Setup!$A$8),0) -> 0 | R62: 557 | S62: TIAA Retirement 403(b) Employee Contribution | T62: RT_C50, Catch-up over 50 | U62: 270 | V62: 0 | W62: 38461.44 | X62: 29088.72 | Y62: 50158.78
A63: =IF(O63="",A62,O63) -> A00000012 | B63: =IF(P63="",B62,P63) -> Naomi K. Rosen | C63: =IF(Q63="",C62,Q63) -> 52 | D63: =IF(AND(Y63>=Setup!$A$9,C63>=Setup!$A$10),"Y","N") -> N | E63: =IF(COUNTIF(Setup!A:A, R63) > 0, U63, 0) -> 0 | F63: =IF(COUNTIF(Setup!D:D, R63) > 0, U63, 0) -> 0 | G63: =IF(COUNTIF(Setup!G:G, R63) > 0, U63, 0) -> 0 | H63: =IF(COUNTIF(Setup!J:J, R63) > 0, U63, 0) -> 0 | I63: =SUMIFS(E:E,$A:$A,$O63) -> 0 | J63: =SUMIFS(F:F,$A:$A,$O63) -> 0 | K63: =SUMIFS(G:G,$A:$A,$O63) -> 0 | L63: =SUMIFS(H:H,$A:$A,$O63) -> 0 | M63: =IF(D63="Y",MAX(0,I63-Setup!$A$8),0) -> 0 | N63: =IF(D63="Y",MAX(0,K63-Setup!$A$8),0) -> 0 | R63: 530 | S63: Tier 2 Utah Retirement Systems Employer Contribution | U63: 0 | V63: 611.73 | W63: 36630 | X63: 29088.72 | Y63: 50158.78
A64: =IF(O64="",A63,O64) -> A00000013 | B64: =IF(P64="",B63,P64) -> Omar N. Khalid | C64: =IF(Q64="",C63,Q64) -> 52 | D64: =IF(AND(Y64>=Setup!$A$9,C64>=Setup!$A$10),"Y","N") -> Y | E64: =IF(COUNTIF(Setup!A:A, R64) > 0, U64, 0) -> 15200 | F64: =IF(COUNTIF(Setup!D:D, R64) > 0, U64, 0) -> 0 | G64: =IF(COUNTIF(Setup!G:G, R64) > 0, U64, 0) -> 0 | H64: =IF(COUNTIF(Setup!J:J, R64) > 0, U64, 0) -> 0 | I64: =SUMIFS(E:E,$A:$A,$O64) -> 27770.28 | J64: =SUMIFS(F:F,$A:$A,$O64) -> 0 | K64: =SUMIFS(G:G,$A:$A,$O64) -> 0 | L64: =SUMIFS(H:H,$A:$A,$O64) -> 0 | M64: =IF(D64="Y",MAX(0,I64-Setup!$A$8),0) -> 3270.28 | N64: =IF(D64="Y",MAX(0,K64-Setup!$A$8),0) -> 0 | O64: A00000013 | P64: Omar N. Khalid | Q64: 52 | R64: 556 | S64: Fidelity Retirement 403(b) Employee Contribution | T64: RT_C50, Catch-up over 50 | U64: 15200 | V64: 0 | W64: 173826.72 | X64: 171208.26 | Y64: 176100
A65: =IF(O65="",A64,O65) -> A00000013 | B65: =IF(P65="",B64,P65) -> Omar N. Khalid | C65: =IF(Q65="",C64,Q65) -> 52 | D65: =IF(AND(Y65>=Setup!$A$9,C65>=Setup!$A$10),"Y","N") -> Y | E65: =IF(COUNTIF(Setup!A:A, R65) > 0, U65, 0) -> 0 | F65: =IF(COUNTIF(Setup!D:D, R65) > 0, U65, 0) -> 0 | G65: =IF(COUNTIF(Setup!G:G, R65) > 0, U65, 0) -> 0 | H65: =IF(COUNTIF(Setup!J:J, R65) > 0, U65, 0) -> 0 | I65: =SUMIFS(E:E,$A:$A,$O65) -> 0 | J65: =SUMIFS(F:F,$A:$A,$O65) -> 0 | K65: =SUMIFS(G:G,$A:$A,$O65) -> 0 | L65: =SUMIFS(H:H,$A:$A,$O65) -> 0 | M65: =IF(D65="Y",MAX(0,I65-Setup!$A$8),0) -> 0 | N65: =IF(D65="Y",MAX(0,K65-Setup!$A$8),0) -> 0 | R65: 566 | S65: Fidelity Retirement Roth 403(b) Employee Contribution | T65: RT_C50, Catch-up over 50 | U65: 0 | V65: 0 | W65: 173826.72 | X65: 171208.26 | Y65: 176100
A66: =IF(O66="",A65,O66) -> A00000013 | B66: =IF(P66="",B65,P66) -> Omar N. Khalid | C66: =IF(Q66="",C65,Q66) -> 52 | D66: =IF(AND(Y66>=Setup!$A$9,C66>=Setup!$A$10),"Y","N") -> Y | E66: =IF(COUNTIF(Setup!A:A, R66) > 0, U66, 0) -> 0 | F66: =IF(COUNTIF(Setup!D:D, R66) > 0, U66, 0) -> 0 | G66: =IF(COUNTIF(Setup!G:G, R66) > 0, U66, 0) -> 0 | H66: =IF(COUNTIF(Setup!J:J, R66) > 0, U66, 0) -> 0 | I66: =SUMIFS(E:E,$A:$A,$O66) -> 0 | J66: =SUMIFS(F:F,$A:$A,$O66) -> 0 | K66: =SUMIFS(G:G,$A:$A,$O66) -> 0 | L66: =SUMIFS(H:H,$A:$A,$O66) -> 0 | M66: =IF(D66="Y",MAX(0,I66-Setup!$A$8),0) -> 0 | N66: =IF(D66="Y",MAX(0,K66-Setup!$A$8),0) -> 0 | R66: 565 | S66: TIAA Retirement Roth 403(b) Employee Contribution | T66: RT_C50, Catch-up over 50 | U66: 0 | V66: 0 | W66: 173826.72 | X66: 171208.26 | Y66: 176100
A67: =IF(O67="",A66,O67) -> A00000013 | B67: =IF(P67="",B66,P67) -> Omar N. Khalid | C67: =IF(Q67="",C66,Q67) -> 52 | D67: =IF(AND(Y67>=Setup!$A$9,C67>=Setup!$A$10),"Y","N") -> Y | E67: =IF(COUNTIF(Setup!A:A, R67) > 0, U67, 0) -> 0 | F67: =IF(COUNTIF(Setup!D:D, R67) > 0, U67, 0) -> 0 | G67: =IF(COUNTIF(Setup!G:G, R67) > 0, U67, 0) -> 0 | H67: =IF(COUNTIF(Setup!J:J, R67) > 0, U67, 0) -> 0 | I67: =SUMIFS(E:E,$A:$A,$O67) -> 0 | J67: =SUMIFS(F:F,$A:$A,$O67) -> 0 | K67: =SUMIFS(G:G,$A:$A,$O67) -> 0 | L67: =SUMIFS(H:H,$A:$A,$O67) -> 0 | M67: =IF(D67="Y",MAX(0,I67-Setup!$A$8),0) -> 0 | N67: =IF(D67="Y",MAX(0,K67-Setup!$A$8),0) -> 0 | R67: 571 | S67: TIAA Retirement Roth 457(b) Employee Contribution | T67: RT_C50, Catch-up over 50 | U67: 0 | V67: 0 | W67: 173826.72 | X67: 171208.26 | Y67: 176100
A68: =IF(O68="",A67,O68) -> A00000013 | B68: =IF(P68="",B67,P68) -> Omar N. Khalid | C68: =IF(Q68="",C67,Q68) -> 52 | D68: =IF(AND(Y68>=Setup!$A$9,C68>=Setup!$A$10),"Y","N") -> Y | E68: =IF(COUNTIF(Setup!A:A, R68) > 0, U68, 0) -> 12570.28 | F68: =IF(COUNTIF(Setup!D:D, R68) > 0, U68, 0) -> 0 | G68: =IF(COUNTIF(Setup!G:G, R68) > 0, U68, 0) -> 0 | H68: =IF(COUNTIF(Setup!J:J, R68) > 0, U68, 0) -> 0 | I68: =SUMIFS(E:E,$A:$A,$O68) -> 0 | J68: =SUMIFS(F:F,$A:$A,$O68) -> 0 | K68: =SUMIFS(G:G,$A:$A,$O68) -> 0 | L68: =SUMIFS(H:H,$A:$A,$O68) -> 0 | M68: =IF(D68="Y",MAX(0,I68-Setup!$A$8),0) -> 0 | N68: =IF(D68="Y",MAX(0,K68-Setup!$A$8),0) -> 0 | R68: 557 | S68: TIAA Retirement 403(b) Employee Contribution | T68: RT_C50, Catch-up over 50 | U68: 12570.28 | V68: 0 | W68: 173826.72 | X68: 171208.26 | Y68: 176100
A69: =IF(O69="",A68,O69) -> A00000013 | B69: =IF(P69="",B68,P69) -> Omar N. Khalid | C69: =IF(Q69="",C68,Q69) -> 52 | D69: =IF(AND(Y69>=Setup!$A$9,C69>=Setup!$A$10),"Y","N") -> Y | E69: =IF(COUNTIF(Setup!A:A, R69) > 0, U69, 0) -> 0 | F69: =IF(COUNTIF(Setup!D:D, R69) > 0, U69, 0) -> 0 | G69: =IF(COUNTIF(Setup!G:G, R69) > 0, U69, 0) -> 0 | H69: =IF(COUNTIF(Setup!J:J, R69) > 0, U69, 0) -> 0 | I69: =SUMIFS(E:E,$A:$A,$O69) -> 0 | J69: =SUMIFS(F:F,$A:$A,$O69) -> 0 | K69: =SUMIFS(G:G,$A:$A,$O69) -> 0 | L69: =SUMIFS(H:H,$A:$A,$O69) -> 0 | M69: =IF(D69="Y",MAX(0,I69-Setup!$A$8),0) -> 0 | N69: =IF(D69="Y",MAX(0,K69-Setup!$A$8),0) -> 0 | R69: 521 | S69: TIAA Retirement Employer Contribution | T69: RT_EE_BF, ER Contr EE Hire Before 2/1/21 | U69: 0 | V69: 4092.6 | W69: 172926.72 | X69: 171208.26 | Y69: 176100
A70: =IF(O70="",A69,O70) -> A00000014 | B70: =IF(P70="",B69,P70) -> Priya Malhotra | C70: =IF(Q70="",C69,Q70) -> 50 | D70: =IF(AND(Y70>=Setup!$A$9,C70>=Setup!$A$10),"Y","N") -> N | E70: =IF(COUNTIF(Setup!A:A, R70) > 0, U70, 0) -> 0 | F70: =IF(COUNTIF(Setup!D:D, R70) > 0, U70, 0) -> 0 | G70: =IF(COUNTIF(Setup!G:G, R70) > 0, U70, 0) -> 0 | H70: =IF(COUNTIF(Setup!J:J, R70) > 0, U70, 0) -> 0 | I70: =SUMIFS(E:E,$A:$A,$O70) -> 3530.34 | J70: =SUMIFS(F:F,$A:$A,$O70) -> 0 | K70: =SUMIFS(G:G,$A:$A,$O70) -> 5400 | L70: =SUMIFS(H:H,$A:$A,$O70) -> 0 | M70: =IF(D70="Y",MAX(0,I70-Setup!$A$8),0) -> 0 | N70: =IF(D70="Y",MAX(0,K70-Setup!$A$8),0) -> 0 | O70: A00000014 | P70: Priya Malhotra | Q70: 50 | R70: 553 | S70: Utah Retirement Systems 401(k) Employee Contribution | T70: RT_C50, Catch-up over 50 | U70: 0 | W70: 0 | X70: 50544.9 | Y70: 41456.89
A71: =IF(O71="",A70,O71) -> A00000014 | B71: =IF(P71="",B70,P71) -> Priya Malhotra | C71: =IF(Q71="",C70,Q71) -> 50 | D71: =IF(AND(Y71>=Setup!$A$9,C71>=Setup!$A$10),"Y","N") -> N | E71: =IF(COUNTIF(Setup!A:A, R71) > 0, U71, 0) -> 0 | F71: =IF(COUNTIF(Setup!D:D, R71) > 0, U71, 0) -> 0 | G71: =IF(COUNTIF(Setup!G:G, R71) > 0, U71, 0) -> 5400 | H71: =IF(COUNTIF(Setup!J:J, R71) > 0, U71, 0) -> 0 | I71: =SUMIFS(E:E,$A:$A,$O71) -> 0 | J71: =SUMIFS(F:F,$A:$A,$O71) -> 0 | K71: =SUMIFS(G:G,$A:$A,$O71) -> 0 | L71: =SUMIFS(H:H,$A:$A,$O71) -> 0 | M71: =IF(D71="Y",MAX(0,I71-Setup!$A$8),0) -> 0 | N71: =IF(D71="Y",MAX(0,K71-Setup!$A$8),0) -> 0 | R71: 552 | S71: Utah Retirement Systems 457(b) Employee Contribution | T71: RT_C50, Catch-up over 50 | U71: 5400 | V71: 0 | W71: 69209.64 | X71: 50544.9 | Y71: 41456.89
A72: =IF(O72="",A71,O72) -> A00000014 | B72: =IF(P72="",B71,P72) -> Priya Malhotra | C72: =IF(Q72="",C71,Q72) -> 50 | D72: =IF(AND(Y72>=Setup!$A$9,C72>=Setup!$A$10),"Y","N") -> N | E72: =IF(COUNTIF(Setup!A:A, R72) > 0, U72, 0) -> 1800 | F72: =IF(COUNTIF(Setup!D:D, R72) > 0, U72, 0) -> 0 | G72: =IF(COUNTIF(Setup!G:G, R72) > 0, U72, 0) -> 0 | H72: =IF(COUNTIF(Setup!J:J, R72) > 0, U72, 0) -> 0 | I72: =SUMIFS(E:E,$A:$A,$O72) -> 0 | J72: =SUMIFS(F:F,$A:$A,$O72) -> 0 | K72: =SUMIFS(G:G,$A:$A,$O72) -> 0 | L72: =SUMIFS(H:H,$A:$A,$O72) -> 0 | M72: =IF(D72="Y",MAX(0,I72-Setup!$A$8),0) -> 0 | N72: =IF(D72="Y",MAX(0,K72-Setup!$A$8),0) -> 0 | R72: 556 | S72: Fidelity Retirement 403(b) Employee Contribution | T72: RT_C50, Catch-up over 50 | U72: 1800 | V72: 0 | W72: 69209.64 | X72: 50544.9 | Y72: 41456.89
A73: =IF(O73="",A72,O73) -> A00000014 | B73: =IF(P73="",B72,P73) -> Priya Malhotra | C73: =IF(Q73="",C72,Q73) -> 50 | D73: =IF(AND(Y73>=Setup!$A$9,C73>=Setup!$A$10),"Y","N") -> N | E73: =IF(COUNTIF(Setup!A:A, R73) > 0, U73, 0) -> 1730.34 | F73: =IF(COUNTIF(Setup!D:D, R73) > 0, U73, 0) -> 0 | G73: =IF(COUNTIF(Setup!G:G, R73) > 0, U73, 0) -> 0 | H73: =IF(COUNTIF(Setup!J:J, R73) > 0, U73, 0) -> 0 | I73: =SUMIFS(E:E,$A:$A,$O73) -> 0 | J73: =SUMIFS(F:F,$A:$A,$O73) -> 0 | K73: =SUMIFS(G:G,$A:$A,$O73) -> 0 | L73: =SUMIFS(H:H,$A:$A,$O73) -> 0 | M73: =IF(D73="Y",MAX(0,I73-Setup!$A$8),0) -> 0 | N73: =IF(D73="Y",MAX(0,K73-Setup!$A$8),0) -> 0 | R73: 657 | S73: TIAA Retirement 403(b) Employee Contribution | T73: RT_C50, Catch-up over 50 | U73: 1730.34 | V73: 0 | W73: 57675.06 | X73: 50544.9 | Y73: 41456.89
A74: =IF(O74="",A73,O74) -> A00000014 | B74: =IF(P74="",B73,P74) -> Priya Malhotra | C74: =IF(Q74="",C73,Q74) -> 50 | D74: =IF(AND(Y74>=Setup!$A$9,C74>=Setup!$A$10),"Y","N") -> N | E74: =IF(COUNTIF(Setup!A:A, R74) > 0, U74, 0) -> 0 | F74: =IF(COUNTIF(Setup!D:D, R74) > 0, U74, 0) -> 0 | G74: =IF(COUNTIF(Setup!G:G, R74) > 0, U74, 0) -> 0 | H74: =IF(COUNTIF(Setup!J:J, R74) > 0, U74, 0) -> 0 | I74: =SUMIFS(E:E,$A:$A,$O74) -> 0 | J74: =SUMIFS(F:F,$A:$A,$O74) -> 0 | K74: =SUMIFS(G:G,$A:$A,$O74) -> 0 | L74: =SUMIFS(H:H,$A:$A,$O74) -> 0 | M74: =IF(D74="Y",MAX(0,I74-Setup!$A$8),0) -> 0 | N74: =IF(D74="Y",MAX(0,K74-Setup!$A$8),0) -> 0 | R74: 513 | S74: Tier 1 Utah Retirement Systems Public Safety Employer Amortization | U74: 0 | V74: 1678.35 | W74: 57675.06 | X74: 50544.9 | Y74: 41456.89
A75: =IF(O75="",A74,O75) -> A00000015 | B75: =IF(P75="",B74,P75) -> Sofia Del Pilar Cruz | C75: =IF(Q75="",C74,Q75) -> 53 | D75: =IF(AND(Y75>=Setup!$A$9,C75>=Setup!$A$10),"Y","N") -> N | E75: =IF(COUNTIF(Setup!A:A, R75) > 0, U75, 0) -> 0 | F75: =IF(COUNTIF(Setup!D:D, R75) > 0, U75, 0) -> 0 | G75: =IF(COUNTIF(Setup!G:G, R75) > 0, U75, 0) -> 0 | H75: =IF(COUNTIF(Setup!J:J, R75) > 0, U75, 0) -> 0 | I75: =SUMIFS(E:E,$A:$A,$O75) -> 0 | J75: =SUMIFS(F:F,$A:$A,$O75) -> 450 | K75: =SUMIFS(G:G,$A:$A,$O75) -> 0 | L75: =SUMIFS(H:H,$A:$A,$O75) -> 0 | M75: =IF(D75="Y",MAX(0,I75-Setup!$A$8),0) -> 0 | N75: =IF(D75="Y",MAX(0,K75-Setup!$A$8),0) -> 0 | O75: A00000015 | P75: Sofia Del Pilar Cruz | Q75: 53 | R75: 554 | S75: TIAA Retirement 457(b) Employee Contribution | T75: RT_C50, Catch-up over 50 | U75: 0 | W75: 0 | X75: 62125.56 | Y75: 85321.71
A76: =IF(O76="",A75,O76) -> A00000015 | B76: =IF(P76="",B75,P76) -> Sofia Del Pilar Cruz | C76: =IF(Q76="",C75,Q76) -> 53 | D76: =IF(AND(Y76>=Setup!$A$9,C76>=Setup!$A$10),"Y","N") -> N | E76: =IF(COUNTIF(Setup!A:A, R76) > 0, U76, 0) -> 0 | F76: =IF(COUNTIF(Setup!D:D, R76) > 0, U76, 0) -> 0 | G76: =IF(COUNTIF(Setup!G:G, R76) > 0, U76, 0) -> 0 | H76: =IF(COUNTIF(Setup!J:J, R76) > 0, U76, 0) -> 0 | I76: =SUMIFS(E:E,$A:$A,$O76) -> 0 | J76: =SUMIFS(F:F,$A:$A,$O76) -> 0 | K76: =SUMIFS(G:G,$A:$A,$O76) -> 0 | L76: =SUMIFS(H:H,$A:$A,$O76) -> 0 | M76: =IF(D76="Y",MAX(0,I76-Setup!$A$8),0) -> 0 | N76: =IF(D76="Y",MAX(0,K76-Setup!$A$8),0) -> 0 | R76: 507 | S76: Tier 1 Utah Retirement Systems 401(k) Employer Contribution | U76: 0 | V76: 162.48 | W76: 64991.16 | X76: 62125.56 | Y76: 85321.71
A77: =IF(O77="",A76,O77) -> A00000015 | B77: =IF(P77="",B76,P77) -> Sofia Del Pilar Cruz | C77: =IF(Q77="",C76,Q77) -> 53 | D77: =IF(AND(Y77>=Setup!$A$9,C77>=Setup!$A$10),"Y","N") -> N | E77: =IF(COUNTIF(Setup!A:A, R77) > 0, U77, 0) -> 0 | F77: =IF(COUNTIF(Setup!D:D, R77) > 0, U77, 0) -> 225 | G77: =IF(COUNTIF(Setup!G:G, R77) > 0, U77, 0) -> 0 | H77: =IF(COUNTIF(Setup!J:J, R77) > 0, U77, 0) -> 0 | I77: =SUMIFS(E:E,$A:$A,$O77) -> 0 | J77: =SUMIFS(F:F,$A:$A,$O77) -> 0 | K77: =SUMIFS(G:G,$A:$A,$O77) -> 0 | L77: =SUMIFS(H:H,$A:$A,$O77) -> 0 | M77: =IF(D77="Y",MAX(0,I77-Setup!$A$8),0) -> 0 | N77: =IF(D77="Y",MAX(0,K77-Setup!$A$8),0) -> 0 | R77: 565 | S77: TIAA Retirement Roth 403(b) Employee Contribution | T77: RT_C50, Catch-up over 50 | U77: 225 | V77: 0 | W77: 80988.42 | X77: 62125.56 | Y77: 85321.71
A78: =IF(O78="",A77,O78) -> A00000015 | B78: =IF(P78="",B77,P78) -> Sofia Del Pilar Cruz | C78: =IF(Q78="",C77,Q78) -> 53 | D78: =IF(AND(Y78>=Setup!$A$9,C78>=Setup!$A$10),"Y","N") -> N | E78: =IF(COUNTIF(Setup!A:A, R78) > 0, U78, 0) -> 0 | F78: =IF(COUNTIF(Setup!D:D, R78) > 0, U78, 0) -> 0 | G78: =IF(COUNTIF(Setup!G:G, R78) > 0, U78, 0) -> 0 | H78: =IF(COUNTIF(Setup!J:J, R78) > 0, U78, 0) -> 0 | I78: =SUMIFS(E:E,$A:$A,$O78) -> 0 | J78: =SUMIFS(F:F,$A:$A,$O78) -> 0 | K78: =SUMIFS(G:G,$A:$A,$O78) -> 0 | L78: =SUMIFS(H:H,$A:$A,$O78) -> 0 | M78: =IF(D78="Y",MAX(0,I78-Setup!$A$8),0) -> 0 | N78: =IF(D78="Y",MAX(0,K78-Setup!$A$8),0) -> 0 | R78: 569 | S78: Fidelity Retirement 457(b) Employee Contribution | T78: RT_C50, Catch-up over 50 | U78: 0 | W78: 0 | X78: 62125.56 | Y78: 85321.71
A79: =IF(O79="",A78,O79) -> A00000015 | B79: =IF(P79="",B78,P79) -> Sofia Del Pilar Cruz | C79: =IF(Q79="",C78,Q79) -> 53 | D79: =IF(AND(Y79>=Setup!$A$9,C79>=Setup!$A$10),"Y","N") -> N | E79: =IF(COUNTIF(Setup!A:A, R79) > 0, U79, 0) -> 0 | F79: =IF(COUNTIF(Setup!D:D, R79) > 0, U79, 0) -> 225 | G79: =IF(COUNTIF(Setup!G:G, R79) > 0, U79, 0) -> 0 | H79: =IF(COUNTIF(Setup!J:J, R79) > 0, U79, 0) -> 0 | I79: =SUMIFS(E:E,$A:$A,$O79) -> 0 | J79: =SUMIFS(F:F,$A:$A,$O79) -> 0 | K79: =SUMIFS(G:G,$A:$A,$O79) -> 0 | L79: =SUMIFS(H:H,$A:$A,$O79) -> 0 | M79: =IF(D79="Y",MAX(0,I79-Setup!$A$8),0) -> 0 | N79: =IF(D79="Y",MAX(0,K79-Setup!$A$8),0) -> 0 | R79: 566 | S79: Fidelity Retirement Roth 403(b) Employee Contribution | T79: RT_C50, Catch-up over 50 | U79: 225 | V79: 0 | W79: 80988.42 | X79: 62125.56 | Y79: 85321.71
A80: =IF(O80="",A79,O80) -> A00000015 | B80: =IF(P80="",B79,P80) -> Sofia Del Pilar Cruz | C80: =IF(Q80="",C79,Q80) -> 53 | D80: =IF(AND(Y80>=Setup!$A$9,C80>=Setup!$A$10),"Y","N") -> N | E80: =IF(COUNTIF(Setup!A:A, R80) > 0, U80, 0) -> 0 | F80: =IF(COUNTIF(Setup!D:D, R80) > 0, U80, 0) -> 0 | G80: =IF(COUNTIF(Setup!G:G, R80) > 0, U80, 0) -> 0 | H80: =IF(COUNTIF(Setup!J:J, R80) > 0, U80, 0) -> 0 | I80: =SUMIFS(E:E,$A:$A,$O80) -> 0 | J80: =SUMIFS(F:F,$A:$A,$O80) -> 0 | K80: =SUMIFS(G:G,$A:$A,$O80) -> 0 | L80: =SUMIFS(H:H,$A:$A,$O80) -> 0 | M80: =IF(D80="Y",MAX(0,I80-Setup!$A$8),0) -> 0 | N80: =IF(D80="Y",MAX(0,K80-Setup!$A$8),0) -> 0 | R80: 506 | S80: Tier 1 Utah Retirement Systems Employer Contribution | U80: 0 | V80: 2403.6 | W80: 64991.16 | X80: 62125.56 | Y80: 85321.71
A81: =IF(O81="",A80,O81) -> A00000016 | B81: =IF(P81="",B80,P81) -> Thomas Edward Grayson | C81: =IF(Q81="",C80,Q81) -> 51 | D81: =IF(AND(Y81>=Setup!$A$9,C81>=Setup!$A$10),"Y","N") -> N | E81: =IF(COUNTIF(Setup!A:A, R81) > 0, U81, 0) -> 0 | F81: =IF(COUNTIF(Setup!D:D, R81) > 0, U81, 0) -> 1800 | G81: =IF(COUNTIF(Setup!G:G, R81) > 0, U81, 0) -> 0 | H81: =IF(COUNTIF(Setup!J:J, R81) > 0, U81, 0) -> 0 | I81: =SUMIFS(E:E,$A:$A,$O81) -> 1125 | J81: =SUMIFS(F:F,$A:$A,$O81) -> 3600 | K81: =SUMIFS(G:G,$A:$A,$O81) -> 0 | L81: =SUMIFS(H:H,$A:$A,$O81) -> 0 | M81: =IF(D81="Y",MAX(0,I81-Setup!$A$8),0) -> 0 | N81: =IF(D81="Y",MAX(0,K81-Setup!$A$8),0) -> 0 | O81: A00000016 | P81: Thomas Edward Grayson | Q81: 51 | R81: 566 | S81: Fidelity Retirement Roth 403(b) Employee Contribution | T81: RT_C50, Catch-up over 50 | U81: 1800 | V81: 0 | W81: 37499.94 | X81: 29747.7 | Y81: 6792.94
A82: =IF(O82="",A81,O82) -> A00000016 | B82: =IF(P82="",B81,P82) -> Thomas Edward Grayson | C82: =IF(Q82="",C81,Q82) -> 51 | D82: =IF(AND(Y82>=Setup!$A$9,C82>=Setup!$A$10),"Y","N") -> N | E82: =IF(COUNTIF(Setup!A:A, R82) > 0, U82, 0) -> 1125 | F82: =IF(COUNTIF(Setup!D:D, R82) > 0, U82, 0) -> 0 | G82: =IF(COUNTIF(Setup!G:G, R82) > 0, U82, 0) -> 0 | H82: =IF(COUNTIF(Setup!J:J, R82) > 0, U82, 0) -> 0 | I82: =SUMIFS(E:E,$A:$A,$O82) -> 0 | J82: =SUMIFS(F:F,$A:$A,$O82) -> 0 | K82: =SUMIFS(G:G,$A:$A,$O82) -> 0 | L82: =SUMIFS(H:H,$A:$A,$O82) -> 0 | M82: =IF(D82="Y",MAX(0,I82-Setup!$A$8),0) -> 0 | N82: =IF(D82="Y",MAX(0,K82-Setup!$A$8),0) -> 0 | R82: 657 | S82: TIAA Retirement 403(b) Employee Contribution | T82: RT_C50, Catch-up over 50 | U82: 1125 | V82: 0 | W82: 37499.94 | X82: 29747.7 | Y82: 6792.94
A83: =IF(O83="",A82,O83) -> A00000016 | B83: =IF(P83="",B82,P83) -> Thomas Edward Grayson | C83: =IF(Q83="",C82,Q83) -> 51 | D83: =IF(AND(Y83>=Setup!$A$9,C83>=Setup!$A$10),"Y","N") -> N | E83: =IF(COUNTIF(Setup!A:A, R83) > 0, U83, 0) -> 0 | F83: =IF(COUNTIF(Setup!D:D, R83) > 0, U83, 0) -> 1800 | G83: =IF(COUNTIF(Setup!G:G, R83) > 0, U83, 0) -> 0 | H83: =IF(COUNTIF(Setup!J:J, R83) > 0, U83, 0) -> 0 | I83: =SUMIFS(E:E,$A:$A,$O83) -> 0 | J83: =SUMIFS(F:F,$A:$A,$O83) -> 0 | K83: =SUMIFS(G:G,$A:$A,$O83) -> 0 | L83: =SUMIFS(H:H,$A:$A,$O83) -> 0 | M83: =IF(D83="Y",MAX(0,I83-Setup!$A$8),0) -> 0 | N83: =IF(D83="Y",MAX(0,K83-Setup!$A$8),0) -> 0 | R83: 565 | S83: TIAA Retirement Roth 403(b) Employee Contribution | T83: RT_C50, Catch-up over 50 | U83: 1800 | V83: 0 | W83: 37499.94 | X83: 29747.7 | Y83: 6792.94
A84: =IF(O84="",A83,O84) -> A00000016 | B84: =IF(P84="",B83,P84) -> Thomas Edward Grayson | C84: =IF(Q84="",C83,Q84) -> 51 | D84: =IF(AND(Y84>=Setup!$A$9,C84>=Setup!$A$10),"Y","N") -> N | E84: =IF(COUNTIF(Setup!A:A, R84) > 0, U84, 0) -> 0 | F84: =IF(COUNTIF(Setup!D:D, R84) > 0, U84, 0) -> 0 | G84: =IF(COUNTIF(Setup!G:G, R84) > 0, U84, 0) -> 0 | H84: =IF(COUNTIF(Setup!J:J, R84) > 0, U84, 0) -> 0 | I84: =SUMIFS(E:E,$A:$A,$O84) -> 0 | J84: =SUMIFS(F:F,$A:$A,$O84) -> 0 | K84: =SUMIFS(G:G,$A:$A,$O84) -> 0 | L84: =SUMIFS(H:H,$A:$A,$O84) -> 0 | M84: =IF(D84="Y",MAX(0,I84-Setup!$A$8),0) -> 0 | N84: =IF(D84="Y",MAX(0,K84-Setup!$A$8),0) -> 0 | R84: 504 | S84: Tier 2 Utah Retirement Systems 401(k) Employer Contribution | U84: 0 | V84: 0 | W84: 37499.94 | X84: 29747.7 | Y84: 6792.94
A85: =IF(O85="",A84,O85) -> A00000016 | B85: =IF(P85="",B84,P85) -> Thomas Edward Grayson | C85: =IF(Q85="",C84,Q85) -> 51 | D85: =IF(AND(Y85>=Setup!$A$9,C85>=Setup!$A$10),"Y","N") -> N | E85: =IF(COUNTIF(Setup!A:A, R85) > 0, U85, 0) -> 0 | F85: =IF(COUNTIF(Setup!D:D, R85) > 0, U85, 0) -> 0 | G85: =IF(COUNTIF(Setup!G:G, R85) > 0, U85, 0) -> 0 | H85: =IF(COUNTIF(Setup!J:J, R85) > 0, U85, 0) -> 0 | I85: =SUMIFS(E:E,$A:$A,$O85) -> 0 | J85: =SUMIFS(F:F,$A:$A,$O85) -> 0 | K85: =SUMIFS(G:G,$A:$A,$O85) -> 0 | L85: =SUMIFS(H:H,$A:$A,$O85) -> 0 | M85: =IF(D85="Y",MAX(0,I85-Setup!$A$8),0) -> 0 | N85: =IF(D85="Y",MAX(0,K85-Setup!$A$8),0) -> 0 | R85: 503 | S85: Tier 2 Utah Retirement Systems Employee Contribution | U85: 303.66 | V85: 0 | W85: 37499.94 | X85: 29747.7 | Y85: 6792.94
A86: =IF(O86="",A85,O86) -> A00000016 | B86: =IF(P86="",B85,P86) -> Thomas Edward Grayson | C86: =IF(Q86="",C85,Q86) -> 51 | D86: =IF(AND(Y86>=Setup!$A$9,C86>=Setup!$A$10),"Y","N") -> N | E86: =IF(COUNTIF(Setup!A:A, R86) > 0, U86, 0) -> 0 | F86: =IF(COUNTIF(Setup!D:D, R86) > 0, U86, 0) -> 0 | G86: =IF(COUNTIF(Setup!G:G, R86) > 0, U86, 0) -> 0 | H86: =IF(COUNTIF(Setup!J:J, R86) > 0, U86, 0) -> 0 | I86: =SUMIFS(E:E,$A:$A,$O86) -> 0 | J86: =SUMIFS(F:F,$A:$A,$O86) -> 0 | K86: =SUMIFS(G:G,$A:$A,$O86) -> 0 | L86: =SUMIFS(H:H,$A:$A,$O86) -> 0 | M86: =IF(D86="Y",MAX(0,I86-Setup!$A$8),0) -> 0 | N86: =IF(D86="Y",MAX(0,K86-Setup!$A$8),0) -> 0 | R86: 505 | S86: Tier 2 Utah Retirement Systems Employer Contribution | U86: 0 | V86: 1251.24 | W86: 37499.94 | X86: 29747.7 | Y86: 6792.94
A87: =IF(O87="",A86,O87) -> A00000017 | B87: =IF(P87="",B86,P87) -> Valentina Ruiz | C87: =IF(Q87="",C86,Q87) -> 53 | D87: =IF(AND(Y87>=Setup!$A$9,C87>=Setup!$A$10),"Y","N") -> N | E87: =IF(COUNTIF(Setup!A:A, R87) > 0, U87, 0) -> 744.48 | F87: =IF(COUNTIF(Setup!D:D, R87) > 0, U87, 0) -> 0 | G87: =IF(COUNTIF(Setup!G:G, R87) > 0, U87, 0) -> 0 | H87: =IF(COUNTIF(Setup!J:J, R87) > 0, U87, 0) -> 0 | I87: =SUMIFS(E:E,$A:$A,$O87) -> 744.48 | J87: =SUMIFS(F:F,$A:$A,$O87) -> 450 | K87: =SUMIFS(G:G,$A:$A,$O87) -> 450 | L87: =SUMIFS(H:H,$A:$A,$O87) -> 450 | M87: =IF(D87="Y",MAX(0,I87-Setup!$A$8),0) -> 0 | N87: =IF(D87="Y",MAX(0,K87-Setup!$A$8),0) -> 0 | O87: A00000017 | P87: Valentina Ruiz | Q87: 53 | R87: 657 | S87: TIAA Retirement 403(b) Employee Contribution | T87: RT_C50, Catch-up over 50 | U87: 744.48 | V87: 0 | W87: 24817.5 | X87: 22862.34 | Y87: 30726.98
A88: =IF(O88="",A87,O88) -> A00000017 | B88: =IF(P88="",B87,P88) -> Valentina Ruiz | C88: =IF(Q88="",C87,Q88) -> 53 | D88: =IF(AND(Y88>=Setup!$A$9,C88>=Setup!$A$10),"Y","N") -> N | E88: =IF(COUNTIF(Setup!A:A, R88) > 0, U88, 0) -> 0 | F88: =IF(COUNTIF(Setup!D:D, R88) > 0, U88, 0) -> 0 | G88: =IF(COUNTIF(Setup!G:G, R88) > 0, U88, 0) -> 225 | H88: =IF(COUNTIF(Setup!J:J, R88) > 0, U88, 0) -> 0 | I88: =SUMIFS(E:E,$A:$A,$O88) -> 0 | J88: =SUMIFS(F:F,$A:$A,$O88) -> 0 | K88: =SUMIFS(G:G,$A:$A,$O88) -> 0 | L88: =SUMIFS(H:H,$A:$A,$O88) -> 0 | M88: =IF(D88="Y",MAX(0,I88-Setup!$A$8),0) -> 0 | N88: =IF(D88="Y",MAX(0,K88-Setup!$A$8),0) -> 0 | R88: 554 | S88: TIAA Retirement 457(b) Employee Contribution | T88: RT_C50, Catch-up over 50 | U88: 225 | V88: 0 | W88: 27394.62 | X88: 22862.34 | Y88: 30726.98
A89: =IF(O89="",A88,O89) -> A00000017 | B89: =IF(P89="",B88,P89) -> Valentina Ruiz | C89: =IF(Q89="",C88,Q89) -> 53 | D89: =IF(AND(Y89>=Setup!$A$9,C89>=Setup!$A$10),"Y","N") -> N | E89: =IF(COUNTIF(Setup!A:A, R89) > 0, U89, 0) -> 0 | F89: =IF(COUNTIF(Setup!D:D, R89) > 0, U89, 0) -> 225 | G89: =IF(COUNTIF(Setup!G:G, R89) > 0, U89, 0) -> 0 | H89: =IF(COUNTIF(Setup!J:J, R89) > 0, U89, 0) -> 0 | I89: =SUMIFS(E:E,$A:$A,$O89) -> 0 | J89: =SUMIFS(F:F,$A:$A,$O89) -> 0 | K89: =SUMIFS(G:G,$A:$A,$O89) -> 0 | L89: =SUMIFS(H:H,$A:$A,$O89) -> 0 | M89: =IF(D89="Y",MAX(0,I89-Setup!$A$8),0) -> 0 | N89: =IF(D89="Y",MAX(0,K89-Setup!$A$8),0) -> 0 | R89: 565 | S89: TIAA Retirement Roth 403(b) Employee Contribution | T89: RT_C50, Catch-up over 50 | U89: 225 | V89: 0 | W89: 27394.62 | X89: 22862.34 | Y89: 30726.98
A90: =IF(O90="",A89,O90) -> A00000017 | B90: =IF(P90="",B89,P90) -> Valentina Ruiz | C90: =IF(Q90="",C89,Q90) -> 53 | D90: =IF(AND(Y90>=Setup!$A$9,C90>=Setup!$A$10),"Y","N") -> N | E90: =IF(COUNTIF(Setup!A:A, R90) > 0, U90, 0) -> 0 | F90: =IF(COUNTIF(Setup!D:D, R90) > 0, U90, 0) -> 0 | G90: =IF(COUNTIF(Setup!G:G, R90) > 0, U90, 0) -> 0 | H90: =IF(COUNTIF(Setup!J:J, R90) > 0, U90, 0) -> 225 | I90: =SUMIFS(E:E,$A:$A,$O90) -> 0 | J90: =SUMIFS(F:F,$A:$A,$O90) -> 0 | K90: =SUMIFS(G:G,$A:$A,$O90) -> 0 | L90: =SUMIFS(H:H,$A:$A,$O90) -> 0 | M90: =IF(D90="Y",MAX(0,I90-Setup!$A$8),0) -> 0 | N90: =IF(D90="Y",MAX(0,K90-Setup!$A$8),0) -> 0 | R90: 572 | S90: Fidelity Retirement Roth 457(b) Employee Contribution | T90: RT_C50, Catch-up over 50 | U90: 225 | V90: 0 | W90: 27394.62 | X90: 22862.34 | Y90: 30726.98
A91: =IF(O91="",A90,O91) -> A00000017 | B91: =IF(P91="",B90,P91) -> Valentina Ruiz | C91: =IF(Q91="",C90,Q91) -> 53 | D91: =IF(AND(Y91>=Setup!$A$9,C91>=Setup!$A$10),"Y","N") -> N | E91: =IF(COUNTIF(Setup!A:A, R91) > 0, U91, 0) -> 0 | F91: =IF(COUNTIF(Setup!D:D, R91) > 0, U91, 0) -> 0 | G91: =IF(COUNTIF(Setup!G:G, R91) > 0, U91, 0) -> 225 | H91: =IF(COUNTIF(Setup!J:J, R91) > 0, U91, 0) -> 0 | I91: =SUMIFS(E:E,$A:$A,$O91) -> 0 | J91: =SUMIFS(F:F,$A:$A,$O91) -> 0 | K91: =SUMIFS(G:G,$A:$A,$O91) -> 0 | L91: =SUMIFS(H:H,$A:$A,$O91) -> 0 | M91: =IF(D91="Y",MAX(0,I91-Setup!$A$8),0) -> 0 | N91: =IF(D91="Y",MAX(0,K91-Setup!$A$8),0) -> 0 | R91: 569 | S91: Fidelity Retirement 457(b) Employee Contribution | T91: RT_C50, Catch-up over 50 | U91: 225 | V91: 0 | W91: 27394.62 | X91: 22862.34 | Y91: 30726.98
A92: =IF(O92="",A91,O92) -> A00000017 | B92: =IF(P92="",B91,P92) -> Valentina Ruiz | C92: =IF(Q92="",C91,Q92) -> 53 | D92: =IF(AND(Y92>=Setup!$A$9,C92>=Setup!$A$10),"Y","N") -> N | E92: =IF(COUNTIF(Setup!A:A, R92) > 0, U92, 0) -> 0 | F92: =IF(COUNTIF(Setup!D:D, R92) > 0, U92, 0) -> 225 | G92: =IF(COUNTIF(Setup!G:G, R92) > 0, U92, 0) -> 0 | H92: =IF(COUNTIF(Setup!J:J, R92) > 0, U92, 0) -> 0 | I92: =SUMIFS(E:E,$A:$A,$O92) -> 0 | J92: =SUMIFS(F:F,$A:$A,$O92) -> 0 | K92: =SUMIFS(G:G,$A:$A,$O92) -> 0 | L92: =SUMIFS(H:H,$A:$A,$O92) -> 0 | M92: =IF(D92="Y",MAX(0,I92-Setup!$A$8),0) -> 0 | N92: =IF(D92="Y",MAX(0,K92-Setup!$A$8),0) -> 0 | R92: 566 | S92: Fidelity Retirement Roth 403(b) Employee Contribution | T92: RT_C50, Catch-up over 50 | U92: 225 | V92: 0 | W92: 27394.62 | X92: 22862.34 | Y92: 30726.98
A93: =IF(O93="",A92,O93) -> A00000017 | B93: =IF(P93="",B92,P93) -> Valentina Ruiz | C93: =IF(Q93="",C92,Q93) -> 53 | D93: =IF(AND(Y93>=Setup!$A$9,C93>=Setup!$A$10),"Y","N") -> N | E93: =IF(COUNTIF(Setup!A:A, R93) > 0, U93, 0) -> 0 | F93: =IF(COUNTIF(Setup!D:D, R93) > 0, U93, 0) -> 0 | G93: =IF(COUNTIF(Setup!G:G, R93) > 0, U93, 0) -> 0 | H93: =IF(COUNTIF(Setup!J:J, R93) > 0, U93, 0) -> 0 | I93: =SUMIFS(E:E,$A:$A,$O93) -> 0 | J93: =SUMIFS(F:F,$A:$A,$O93) -> 0 | K93: =SUMIFS(G:G,$A:$A,$O93) -> 0 | L93: =SUMIFS(H:H,$A:$A,$O93) -> 0 | M93: =IF(D93="Y",MAX(0,I93-Setup!$A$8),0) -> 0 | N93: =IF(D93="Y",MAX(0,K93-Setup!$A$8),0) -> 0 | R93: 525 | S93: Fidelity Retirement Employer Contribution | T93: RT_EE_AF, ER Contr EE Hire After 1/31/21 | U93: 0 | V93: 587.34 | W93: 24817.5 | X93: 22862.34 | Y93: 30726.98
A94: =IF(O94="",A93,O94) -> A00000017 | B94: =IF(P94="",B93,P94) -> Valentina Ruiz | C94: =IF(Q94="",C93,Q94) -> 53 | D94: =IF(AND(Y94>=Setup!$A$9,C94>=Setup!$A$10),"Y","N") -> N | E94: =IF(COUNTIF(Setup!A:A, R94) > 0, U94, 0) -> 0 | F94: =IF(COUNTIF(Setup!D:D, R94) > 0, U94, 0) -> 0 | G94: =IF(COUNTIF(Setup!G:G, R94) > 0, U94, 0) -> 0 | H94: =IF(COUNTIF(Setup!J:J, R94) > 0, U94, 0) -> 225 | I94: =SUMIFS(E:E,$A:$A,$O94) -> 0 | J94: =SUMIFS(F:F,$A:$A,$O94) -> 0 | K94: =SUMIFS(G:G,$A:$A,$O94) -> 0 | L94: =SUMIFS(H:H,$A:$A,$O94) -> 0 | M94: =IF(D94="Y",MAX(0,I94-Setup!$A$8),0) -> 0 | N94: =IF(D94="Y",MAX(0,K94-Setup!$A$8),0) -> 0 | R94: 571 | S94: TIAA Retirement Roth 457(b) Employee Contribution | T94: RT_C50, Catch-up over 50 | U94: 225 | V94: 0 | W94: 27394.62 | X94: 22862.34 | Y94: 30726.98
A95: =IF(O95="",A94,O95) -> A00000018 | B95: =IF(P95="",B94,P95) -> Victor Santiago Perez | C95: =IF(Q95="",C94,Q95) -> 63 | D95: =IF(AND(Y95>=Setup!$A$9,C95>=Setup!$A$10),"Y","N") -> Y | E95: =IF(COUNTIF(Setup!A:A, R95) > 0, U95, 0) -> 0 | F95: =IF(COUNTIF(Setup!D:D, R95) > 0, U95, 0) -> 0 | G95: =IF(COUNTIF(Setup!G:G, R95) > 0, U95, 0) -> 0 | H95: =IF(COUNTIF(Setup!J:J, R95) > 0, U95, 0) -> 0 | I95: =SUMIFS(E:E,$A:$A,$O95) -> 27600 | J95: =SUMIFS(F:F,$A:$A,$O95) -> 0 | K95: =SUMIFS(G:G,$A:$A,$O95) -> 27600 | L95: =SUMIFS(H:H,$A:$A,$O95) -> 0 | M95: =IF(D95="Y",MAX(0,I95-Setup!$A$8),0) -> 3100 | N95: =IF(D95="Y",MAX(0,K95-Setup!$A$8),0) -> 3100 | O95: A00000018 | P95: Victor Santiago Perez | Q95: 63 | R95: 521 | S95: TIAA Retirement Employer Contribution | T95: RT_EE_BF, ER Contr EE Hire Before 2/1/21 | U95: 0 | V95: 4715.06 | W95: 199227.42 | X95: 183016.98 | Y95: 176100
A96: =IF(O96="",A95,O96) -> A00000018 | B96: =IF(P96="",B95,P96) -> Victor Santiago Perez | C96: =IF(Q96="",C95,Q96) -> 63 | D96: =IF(AND(Y96>=Setup!$A$9,C96>=Setup!$A$10),"Y","N") -> Y | E96: =IF(COUNTIF(Setup!A:A, R96) > 0, U96, 0) -> 0 | F96: =IF(COUNTIF(Setup!D:D, R96) > 0, U96, 0) -> 0 | G96: =IF(COUNTIF(Setup!G:G, R96) > 0, U96, 0) -> 0 | H96: =IF(COUNTIF(Setup!J:J, R96) > 0, U96, 0) -> 0 | I96: =SUMIFS(E:E,$A:$A,$O96) -> 0 | J96: =SUMIFS(F:F,$A:$A,$O96) -> 0 | K96: =SUMIFS(G:G,$A:$A,$O96) -> 0 | L96: =SUMIFS(H:H,$A:$A,$O96) -> 0 | M96: =IF(D96="Y",MAX(0,I96-Setup!$A$8),0) -> 0 | N96: =IF(D96="Y",MAX(0,K96-Setup!$A$8),0) -> 0 | R96: 572 | S96: Fidelity Retirement Roth 457(b) Employee Contribution | T96: RT_C60, Catch-up 60-63 | U96: 0 | V96: 0 | W96: 199227.42 | X96: 183016.98 | Y96: 176100
A97: =IF(O97="",A96,O97) -> A00000018 | B97: =IF(P97="",B96,P97) -> Victor Santiago Perez | C97: =IF(Q97="",C96,Q97) -> 63 | D97: =IF(AND(Y97>=Setup!$A$9,C97>=Setup!$A$10),"Y","N") -> Y | E97: =IF(COUNTIF(Setup!A:A, R97) > 0, U97, 0) -> 0 | F97: =IF(COUNTIF(Setup!D:D, R97) > 0, U97, 0) -> 0 | G97: =IF(COUNTIF(Setup!G:G, R97) > 0, U97, 0) -> 0 | H97: =IF(COUNTIF(Setup!J:J, R97) > 0, U97, 0) -> 0 | I97: =SUMIFS(E:E,$A:$A,$O97) -> 0 | J97: =SUMIFS(F:F,$A:$A,$O97) -> 0 | K97: =SUMIFS(G:G,$A:$A,$O97) -> 0 | L97: =SUMIFS(H:H,$A:$A,$O97) -> 0 | M97: =IF(D97="Y",MAX(0,I97-Setup!$A$8),0) -> 0 | N97: =IF(D97="Y",MAX(0,K97-Setup!$A$8),0) -> 0 | R97: 566 | S97: Fidelity Retirement Roth 403(b) Employee Contribution | T97: RT_C50, Catch-up over 50 | U97: 0 | V97: 0 | W97: 199227.42 | X97: 183016.98 | Y97: 176100
A98: =IF(O98="",A97,O98) -> A00000018 | B98: =IF(P98="",B97,P98) -> Victor Santiago Perez | C98: =IF(Q98="",C97,Q98) -> 63 | D98: =IF(AND(Y98>=Setup!$A$9,C98>=Setup!$A$10),"Y","N") -> Y | E98: =IF(COUNTIF(Setup!A:A, R98) > 0, U98, 0) -> 0 | F98: =IF(COUNTIF(Setup!D:D, R98) > 0, U98, 0) -> 0 | G98: =IF(COUNTIF(Setup!G:G, R98) > 0, U98, 0) -> 27600 | H98: =IF(COUNTIF(Setup!J:J, R98) > 0, U98, 0) -> 0 | I98: =SUMIFS(E:E,$A:$A,$O98) -> 0 | J98: =SUMIFS(F:F,$A:$A,$O98) -> 0 | K98: =SUMIFS(G:G,$A:$A,$O98) -> 0 | L98: =SUMIFS(H:H,$A:$A,$O98) -> 0 | M98: =IF(D98="Y",MAX(0,I98-Setup!$A$8),0) -> 0 | N98: =IF(D98="Y",MAX(0,K98-Setup!$A$8),0) -> 0 | R98: 569 | S98: Fidelity Retirement 457(b) Employee Contribution | T98: RT_C60, Catch-up 60-63 | U98: 27600 | V98: 0 | W98: 199227.42 | X98: 183016.98 | Y98: 176100
A99: =IF(O99="",A98,O99) -> A00000018 | B99: =IF(P99="",B98,P99) -> Victor Santiago Perez | C99: =IF(Q99="",C98,Q99) -> 63 | D99: =IF(AND(Y99>=Setup!$A$9,C99>=Setup!$A$10),"Y","N") -> Y | E99: =IF(COUNTIF(Setup!A:A, R99) > 0, U99, 0) -> 27600 | F99: =IF(COUNTIF(Setup!D:D, R99) > 0, U99, 0) -> 0 | G99: =IF(COUNTIF(Setup!G:G, R99) > 0, U99, 0) -> 0 | H99: =IF(COUNTIF(Setup!J:J, R99) > 0, U99, 0) -> 0 | I99: =SUMIFS(E:E,$A:$A,$O99) -> 0 | J99: =SUMIFS(F:F,$A:$A,$O99) -> 0 | K99: =SUMIFS(G:G,$A:$A,$O99) -> 0 | L99: =SUMIFS(H:H,$A:$A,$O99) -> 0 | M99: =IF(D99="Y",MAX(0,I99-Setup!$A$8),0) -> 0 | N99: =IF(D99="Y",MAX(0,K99-Setup!$A$8),0) -> 0 | R99: 556 | S99: Fidelity Retirement 403(b) Employee Contribution | T99: RT_C50, Catch-up over 50 | U99: 27600 | V99: 0 | W99: 199227.42 | X99: 183016.98 | Y99: 176100
A100: =IF(O100="",A99,O100) -> A00000003 | B100: =IF(P100="",B99,P100) -> Claire Elizabeth Monroe | C100: =IF(Q100="",C99,Q100) -> 57 | D100: =IF(AND(Y100>=Setup!$A$9,C100>=Setup!$A$10),"Y","N") -> N | E100: =IF(COUNTIF(Setup!A:A, R100) > 0, U100, 0) -> 0 | F100: =IF(COUNTIF(Setup!D:D, R100) > 0, U100, 0) -> 0 | G100: =IF(COUNTIF(Setup!G:G, R100) > 0, U100, 0) -> 0 | H100: =IF(COUNTIF(Setup!J:J, R100) > 0, U100, 0) -> 0 | I100: =SUMIFS(E:E,$A:$A,$O100) -> 0 | J100: =SUMIFS(F:F,$A:$A,$O100) -> 28733.24 | K100: =SUMIFS(G:G,$A:$A,$O100) -> 26300 | L100: =SUMIFS(H:H,$A:$A,$O100) -> 4373.84 | M100: =IF(D100="Y",MAX(0,I100-Setup!$A$8),0) -> 0 | N100: =IF(D100="Y",MAX(0,K100-Setup!$A$8),0) -> 0 | O100: A00000003 | P100: Claire Elizabeth Monroe | Q100: 57 | R100: 521 | S100: TIAA Retirement Employer Contribution | U100: 0 | V100: 5250.66 | W100: 221858.28
...

Sheet Pivot
A2: V FORMULAS V | C2: V Pivot Table V
A3: Main Excess | B3: 457 Excess | C3: Row Labels | D3: Sum of Main Pretax | E3: Sum of 457 Pretax
A4: =IFERROR(IF(VLOOKUP($C4,Data!$A:$D,4,0)="N",0,MAX(0,D4-Setup!$A$8)),) -> 0 | B4: =IFERROR(IF(VLOOKUP($C4,Data!$A:$D,4,0)="N",0,MAX(0,E4-Setup!$A$8)),) -> 0 | C4: (blank)
A5: =IFERROR(IF(VLOOKUP($C5,Data!$A:$D,4,0)="N",0,MAX(0,D5-Setup!$A$8)),) -> 0 | B5: =IFERROR(IF(VLOOKUP($C5,Data!$A:$D,4,0)="N",0,MAX(0,E5-Setup!$A$8)),) -> 0 | C5: A00000001 | D5: 1036.8 | E5: 0
A6: =IFERROR(IF(VLOOKUP($C6,Data!$A:$D,4,0)="N",0,MAX(0,D6-Setup!$A$8)),) -> 0 | B6: =IFERROR(IF(VLOOKUP($C6,Data!$A:$D,4,0)="N",0,MAX(0,E6-Setup!$A$8)),) -> 0 | C6: A00000002 | D6: 489.6 | E6: 0
A7: =IFERROR(IF(VLOOKUP($C7,Data!$A:$D,4,0)="N",0,MAX(0,D7-Setup!$A$8)),) -> 0 | B7: =IFERROR(IF(VLOOKUP($C7,Data!$A:$D,4,0)="N",0,MAX(0,E7-Setup!$A$8)),) -> 1800 | C7: A00000003 | D7: 0 | E7: 26300
A8: =IFERROR(IF(VLOOKUP($C8,Data!$A:$D,4,0)="N",0,MAX(0,D8-Setup!$A$8)),) -> 0 | B8: =IFERROR(IF(VLOOKUP($C8,Data!$A:$D,4,0)="N",0,MAX(0,E8-Setup!$A$8)),) -> 0 | C8: A00000004 | D8: 2295.76 | E8: 0
A9: =IFERROR(IF(VLOOKUP($C9,Data!$A:$D,4,0)="N",0,MAX(0,D9-Setup!$A$8)),) -> 0 | B9: =IFERROR(IF(VLOOKUP($C9,Data!$A:$D,4,0)="N",0,MAX(0,E9-Setup!$A$8)),) -> 0 | C9: A00000005 | D9: 3663 | E9: 4500
A10: =IFERROR(IF(VLOOKUP($C10,Data!$A:$D,4,0)="N",0,MAX(0,D10-Setup!$A$8)),) -> 0 | B10: =IFERROR(IF(VLOOKUP($C10,Data!$A:$D,4,0)="N",0,MAX(0,E10-Setup!$A$8)),) -> 0 | C10: A00000006 | D10: 1270.44 | E10: 1242
A11: =IFERROR(IF(VLOOKUP($C11,Data!$A:$D,4,0)="N",0,MAX(0,D11-Setup!$A$8)),) -> 0 | B11: =IFERROR(IF(VLOOKUP($C11,Data!$A:$D,4,0)="N",0,MAX(0,E11-Setup!$A$8)),) -> 0 | C11: A00000007 | D11: 0 | E11: 15750
A12: =IFERROR(IF(VLOOKUP($C12,Data!$A:$D,4,0)="N",0,MAX(0,D12-Setup!$A$8)),) -> 0 | B12: =IFERROR(IF(VLOOKUP($C12,Data!$A:$D,4,0)="N",0,MAX(0,E12-Setup!$A$8)),) -> 0 | C12: A00000008 | D12: 1595.52 | E12: 21412.44
A13: =IFERROR(IF(VLOOKUP($C13,Data!$A:$D,4,0)="N",0,MAX(0,D13-Setup!$A$8)),) -> 0 | B13: =IFERROR(IF(VLOOKUP($C13,Data!$A:$D,4,0)="N",0,MAX(0,E13-Setup!$A$8)),) -> 0 | C13: A00000009 | D13: 14517 | E13: 14571
A14: =IFERROR(IF(VLOOKUP($C14,Data!$A:$D,4,0)="N",0,MAX(0,D14-Setup!$A$8)),) -> 0 | B14: =IFERROR(IF(VLOOKUP($C14,Data!$A:$D,4,0)="N",0,MAX(0,E14-Setup!$A$8)),) -> 0 | C14: A00000010 | D14: 1288.98 | E14: 450
A15: =IFERROR(IF(VLOOKUP($C15,Data!$A:$D,4,0)="N",0,MAX(0,D15-Setup!$A$8)),) -> 0 | B15: =IFERROR(IF(VLOOKUP($C15,Data!$A:$D,4,0)="N",0,MAX(0,E15-Setup!$A$8)),) -> 0 | C15: A00000011 | D15: 3155.76 | E15: 911.7
A16: =IFERROR(IF(VLOOKUP($C16,Data!$A:$D,4,0)="N",0,MAX(0,D16-Setup!$A$8)),) -> 0 | B16: =IFERROR(IF(VLOOKUP($C16,Data!$A:$D,4,0)="N",0,MAX(0,E16-Setup!$A$8)),) -> 0 | C16: A00000012 | D16: 2970 | E16: 180
... A23: =IFERROR(IF(VLOOKUP($C23,Data!$A:$D,4,0)="N",0,MAX(0,D23-Setup!$A$8)),) -> 0 | B23: =IFERROR(IF(VLOOKUP($C23,Data!$A:$D,4,0)="N",0,MAX(0,E23-Setup!$A$8)),) -> 0 | C23: Grand Total | D23: 93052.96 | E23: 118767.14
